Msg Type,Result,Error Code,ModuleName,Prototype,ProcessId,ThreadId,Time
API,*,0,kernel32.dll,void GetStartupInfoW(LPSTARTUPINFOW lpStartupInfo),0x00002B40,0x00004568,132999065767808184
API,OK,0,kernel32.dll,void GetStartupInfoW(LPSTARTUPINFOW lpStartupInfo),0x00002B40,0x00004568,132999065767808229
API,*,0,kernel32.dll,HANDLE GetStdHandle(DWORD nStdHandle),0x00002B40,0x00004568,132999065767808282
API,OK,0,kernel32.dll,HANDLE GetStdHandle(DWORD nStdHandle),0x00002B40,0x00004568,132999065767808312
API,*,0,kernel32.dll,DWORD GetFileType(HANDLE hFile),0x00002B40,0x00004568,132999065767808333
API,OK,0,kernel32.dll,DWORD GetFileType(HANDLE hFile),0x00002B40,0x00004568,132999065767808372
API,*,0,kernel32.dll,"BOOL InitializeCriticalSectionAndSpinCount(LPCRITICAL_SECTION lpCriticalSection,DWORD dwSpinCount)",0x00002B40,0x00004568,132999065767808396
API,OK,0,kernel32.dll,"BOOL InitializeCriticalSectionAndSpinCount(LPCRITICAL_SECTION lpCriticalSection,DWORD dwSpinCount)",0x00002B40,0x00004568,132999065767808418
API,*,0,kernel32.dll,HANDLE GetStdHandle(DWORD nStdHandle),0x00002B40,0x00004568,132999065767808433
API,OK,0,kernel32.dll,HANDLE GetStdHandle(DWORD nStdHandle),0x00002B40,0x00004568,132999065767808447
API,*,0,kernel32.dll,DWORD GetFileType(HANDLE hFile),0x00002B40,0x00004568,132999065767808462
API,OK,0,kernel32.dll,DWORD GetFileType(HANDLE hFile),0x00002B40,0x00004568,132999065767808481
API,*,0,kernel32.dll,"BOOL InitializeCriticalSectionAndSpinCount(LPCRITICAL_SECTION lpCriticalSection,DWORD dwSpinCount)",0x00002B40,0x00004568,132999065767808498
API,OK,0,kernel32.dll,"BOOL InitializeCriticalSectionAndSpinCount(LPCRITICAL_SECTION lpCriticalSection,DWORD dwSpinCount)",0x00002B40,0x00004568,132999065767808516
API,*,0,kernel32.dll,HANDLE GetStdHandle(DWORD nStdHandle),0x00002B40,0x00004568,132999065767808530
API,OK,0,kernel32.dll,HANDLE GetStdHandle(DWORD nStdHandle),0x00002B40,0x00004568,132999065767808545
API,*,0,kernel32.dll,DWORD GetFileType(HANDLE hFile),0x00002B40,0x00004568,132999065767808558
API,OK,0,kernel32.dll,DWORD GetFileType(HANDLE hFile),0x00002B40,0x00004568,132999065767808576
API,*,0,kernel32.dll,"BOOL InitializeCriticalSectionAndSpinCount(LPCRITICAL_SECTION lpCriticalSection,DWORD dwSpinCount)",0x00002B40,0x00004568,132999065767808594
API,OK,0,kernel32.dll,"BOOL InitializeCriticalSectionAndSpinCount(LPCRITICAL_SECTION lpCriticalSection,DWORD dwSpinCount)",0x00002B40,0x00004568,132999065767808611
API,*,0,kernel32.dll,LPWCH GetEnvironmentStringsW(void),0x00002B40,0x00004568,132999065767808630
API,OK,0,kernel32.dll,LPWCH GetEnvironmentStringsW(void),0x00002B40,0x00004568,132999065767808689
API,*,0,kernel32.dll,LPSTR GetCommandLineA(void),0x00002B40,0x00004568,132999065767808828
API,OK,0,kernel32.dll,LPSTR GetCommandLineA(void),0x00002B40,0x00004568,132999065767808859
API,*,0,kernel32.dll,LPWSTR GetCommandLineW(void),0x00002B40,0x00004568,132999065767808880
API,OK,0,kernel32.dll,LPWSTR GetCommandLineW(void),0x00002B40,0x00004568,132999065767808919
API,*,0,kernel32.dll,"BOOL GetCPInfo(UINT CodePage,LPCPINFO lpCPInfo)",0x00002B40,0x00004568,132999065767809370
API,OK,0,kernel32.dll,"BOOL GetCPInfo(UINT CodePage,LPCPINFO lpCPInfo)",0x00002B40,0x00004568,132999065767809402
API,*,0,kernel32.dll,"int MultiByteToWideChar(UINT CodePage,DWORD dwFlags,LPCCH lpMultiByteStr,int cbMultiByte,LPWSTR lpWideCharStr,int cchWideChar)",0x00002B40,0x00004568,132999065767809427
API,OK,0,kernel32.dll,"int MultiByteToWideChar(UINT CodePage,DWORD dwFlags,LPCCH lpMultiByteStr,int cbMultiByte,LPWSTR lpWideCharStr,int cchWideChar)",0x00002B40,0x00004568,132999065767809482
STR,OK,0,lpWideCharStr,NULL,0x00002B40,0x00004568,132999065767809509
API,*,0,kernel32.dll,"int MultiByteToWideChar(UINT CodePage,DWORD dwFlags,LPCCH lpMultiByteStr,int cbMultiByte,LPWSTR lpWideCharStr,int cchWideChar)",0x00002B40,0x00004568,132999065767809531
API,OK,0,kernel32.dll,"int MultiByteToWideChar(UINT CodePage,DWORD dwFlags,LPCCH lpMultiByteStr,int cbMultiByte,LPWSTR lpWideCharStr,int cchWideChar)",0x00002B40,0x00004568,132999065767809555
STR,OK,0,lpWideCharStr,NULL,0x00002B40,0x00004568,132999065767809569
API,*,0,kernel32.dll,"BOOL GetStringTypeW(DWORD dwInfoType,LPCWCH lpSrcStr,int cchSrc,LPWORD lpCharType)",0x00002B40,0x00004568,132999065767809589
API,OK,0,kernel32.dll,"BOOL GetStringTypeW(DWORD dwInfoType,LPCWCH lpSrcStr,int cchSrc,LPWORD lpCharType)",0x00002B40,0x00004568,132999065767809642
API,*,0,kernel32.dll,"int MultiByteToWideChar(UINT CodePage,DWORD dwFlags,LPCCH lpMultiByteStr,int cbMultiByte,LPWSTR lpWideCharStr,int cchWideChar)",0x00002B40,0x00004568,132999065767809665
API,OK,0,kernel32.dll,"int MultiByteToWideChar(UINT CodePage,DWORD dwFlags,LPCCH lpMultiByteStr,int cbMultiByte,LPWSTR lpWideCharStr,int cchWideChar)",0x00002B40,0x00004568,132999065767809688
STR,OK,0,lpWideCharStr,NULL,0x00002B40,0x00004568,132999065767809701
API,*,0,kernel32.dll,"int MultiByteToWideChar(UINT CodePage,DWORD dwFlags,LPCCH lpMultiByteStr,int cbMultiByte,LPWSTR lpWideCharStr,int cchWideChar)",0x00002B40,0x00004568,132999065767809721
API,OK,0,kernel32.dll,"int MultiByteToWideChar(UINT CodePage,DWORD dwFlags,LPCCH lpMultiByteStr,int cbMultiByte,LPWSTR lpWideCharStr,int cchWideChar)",0x00002B40,0x00004568,132999065767809742
STR,OK,0,lpWideCharStr,NULL,0x00002B40,0x00004568,132999065767809756
API,*,0,kernel32.dll,"int LCMapStringW(LCID Locale,DWORD dwMapFlags,LPCWSTR lpSrcStr,int cchSrc,LPWSTR lpDestStr,int cchDest)",0x00002B40,0x00004568,132999065767809778
API,OK,0,kernel32.dll,"int LCMapStringW(LCID Locale,DWORD dwMapFlags,LPCWSTR lpSrcStr,int cchSrc,LPWSTR lpDestStr,int cchDest)",0x00002B40,0x00004568,132999065767809973
STR,OK,0,lpSrcStr,NULL,0x00002B40,0x00004568,132999065767809988
STR,OK,0,lpDestStr,NULL,0x00002B40,0x00004568,132999065767810001
API,*,0,kernel32.dll,"int LCMapStringW(LCID Locale,DWORD dwMapFlags,LPCWSTR lpSrcStr,int cchSrc,LPWSTR lpDestStr,int cchDest)",0x00002B40,0x00004568,132999065767810021
API,OK,0,kernel32.dll,"int LCMapStringW(LCID Locale,DWORD dwMapFlags,LPCWSTR lpSrcStr,int cchSrc,LPWSTR lpDestStr,int cchDest)",0x00002B40,0x00004568,132999065767810069
STR,OK,0,lpSrcStr,NULL,0x00002B40,0x00004568,132999065767810083
STR,OK,0,lpDestStr,NULL,0x00002B40,0x00004568,132999065767810096
API,*,0,kernel32.dll,"int MultiByteToWideChar(UINT CodePage,DWORD dwFlags,LPCCH lpMultiByteStr,int cbMultiByte,LPWSTR lpWideCharStr,int cchWideChar)",0x00002B40,0x00004568,132999065767810143
API,OK,0,kernel32.dll,"int MultiByteToWideChar(UINT CodePage,DWORD dwFlags,LPCCH lpMultiByteStr,int cbMultiByte,LPWSTR lpWideCharStr,int cchWideChar)",0x00002B40,0x00004568,132999065767810166
STR,OK,0,lpWideCharStr,NULL,0x00002B40,0x00004568,132999065767810179
API,*,0,kernel32.dll,"int MultiByteToWideChar(UINT CodePage,DWORD dwFlags,LPCCH lpMultiByteStr,int cbMultiByte,LPWSTR lpWideCharStr,int cchWideChar)",0x00002B40,0x00004568,132999065767810199
API,OK,0,kernel32.dll,"int MultiByteToWideChar(UINT CodePage,DWORD dwFlags,LPCCH lpMultiByteStr,int cbMultiByte,LPWSTR lpWideCharStr,int cchWideChar)",0x00002B40,0x00004568,132999065767810221
STR,OK,0,lpWideCharStr,NULL,0x00002B40,0x00004568,132999065767810234
API,*,0,kernel32.dll,"int LCMapStringW(LCID Locale,DWORD dwMapFlags,LPCWSTR lpSrcStr,int cchSrc,LPWSTR lpDestStr,int cchDest)",0x00002B40,0x00004568,132999065767810252
API,OK,0,kernel32.dll,"int LCMapStringW(LCID Locale,DWORD dwMapFlags,LPCWSTR lpSrcStr,int cchSrc,LPWSTR lpDestStr,int cchDest)",0x00002B40,0x00004568,132999065767810272
STR,OK,0,lpSrcStr,NULL,0x00002B40,0x00004568,132999065767810285
STR,OK,0,lpDestStr,NULL,0x00002B40,0x00004568,132999065767810297
API,*,0,kernel32.dll,"int LCMapStringW(LCID Locale,DWORD dwMapFlags,LPCWSTR lpSrcStr,int cchSrc,LPWSTR lpDestStr,int cchDest)",0x00002B40,0x00004568,132999065767810315
API,OK,0,kernel32.dll,"int LCMapStringW(LCID Locale,DWORD dwMapFlags,LPCWSTR lpSrcStr,int cchSrc,LPWSTR lpDestStr,int cchDest)",0x00002B40,0x00004568,132999065767810340
STR,OK,0,lpSrcStr,NULL,0x00002B40,0x00004568,132999065767810353
STR,OK,0,lpDestStr,NULL,0x00002B40,0x00004568,132999065767810366
API,*,0,kernel32.dll,PVOID EncodePointer(PVOID Ptr),0x00002B40,0x00004568,132999065767810474
API,OK,0,kernel32.dll,PVOID EncodePointer(PVOID Ptr),0x00002B40,0x00004568,132999065767810491
API,*,0,kernel32.dll,void GetSystemTimeAsFileTime(LPFILETIME lpSystemTimeAsFileTime),0x00002B40,0x00004568,132999065767810575
API,OK,0,kernel32.dll,void GetSystemTimeAsFileTime(LPFILETIME lpSystemTimeAsFileTime),0x00002B40,0x00004568,132999065767810620
API,*,0,kernel32.dll,BOOL IsProcessorFeaturePresent(DWORD ProcessorFeature),0x00002B40,0x00004568,132999065767810643
API,OK,0,kernel32.dll,BOOL IsProcessorFeaturePresent(DWORD ProcessorFeature),0x00002B40,0x00004568,132999065767810663
API,*,0,kernel32.dll,BOOL IsProcessorFeaturePresent(DWORD ProcessorFeature),0x00002B40,0x00004568,132999065767810678
API,OK,0,kernel32.dll,BOOL IsProcessorFeaturePresent(DWORD ProcessorFeature),0x00002B40,0x00004568,132999065767810693
API,*,0,kernel32.dll,PVOID EncodePointer(PVOID Ptr),0x00002B40,0x00004568,132999065767810813
API,OK,0,kernel32.dll,PVOID EncodePointer(PVOID Ptr),0x00002B40,0x00004568,132999065767810827
API,*,0,kernel32.dll,PVOID DecodePointer(PVOID Ptr),0x00002B40,0x00004568,132999065767810852
API,OK,0,kernel32.dll,PVOID DecodePointer(PVOID Ptr),0x00002B40,0x00004568,132999065767810868
API,*,0,kernel32.dll,PVOID DecodePointer(PVOID Ptr),0x00002B40,0x00004568,132999065767810882
API,OK,0,kernel32.dll,PVOID DecodePointer(PVOID Ptr),0x00002B40,0x00004568,132999065767810896
API,*,0,kernel32.dll,PVOID EncodePointer(PVOID Ptr),0x00002B40,0x00004568,132999065767810914
API,OK,0,kernel32.dll,PVOID EncodePointer(PVOID Ptr),0x00002B40,0x00004568,132999065767810928
API,*,0,kernel32.dll,PVOID EncodePointer(PVOID Ptr),0x00002B40,0x00004568,132999065767810942
API,OK,0,kernel32.dll,PVOID EncodePointer(PVOID Ptr),0x00002B40,0x00004568,132999065767810956
API,*,0,kernel32.dll,void InitializeSListHead(PSLIST_HEADER ListHead),0x00002B40,0x00004568,132999065767966743
API,OK,0,kernel32.dll,void InitializeSListHead(PSLIST_HEADER ListHead),0x00002B40,0x00004568,132999065767966766
API,*,0,kernel32.dll,"BOOL InitializeCriticalSectionAndSpinCount(LPCRITICAL_SECTION lpCriticalSection,DWORD dwSpinCount)",0x00002B40,0x00004568,132999065767966794
API,OK,0,kernel32.dll,"BOOL InitializeCriticalSectionAndSpinCount(LPCRITICAL_SECTION lpCriticalSection,DWORD dwSpinCount)",0x00002B40,0x00004568,132999065767966817
API,*,0,kernel32.dll,HMODULE GetModuleHandleW(LPCWSTR lpModuleName),0x00002B40,0x00004568,132999065767966837
API,OK,0,kernel32.dll,HMODULE GetModuleHandleW(LPCWSTR lpModuleName),0x00002B40,0x00004568,132999065767966864
STR,OK,0,lpModuleName,api-ms-win-core-synch-l1-2-0.dll,0x00002B40,0x00004568,132999065767966882
API,*,0,kernel32.dll,"BOOL InitializeCriticalSectionEx(LPCRITICAL_SECTION lpCriticalSection,DWORD dwSpinCount,DWORD Flags)",0x00002B40,0x00004568,132999065767967202
API,OK,0,kernel32.dll,"BOOL InitializeCriticalSectionEx(LPCRITICAL_SECTION lpCriticalSection,DWORD dwSpinCount,DWORD Flags)",0x00002B40,0x00004568,132999065767967225
API,*,0,kernel32.dll,"BOOL InitializeCriticalSectionEx(LPCRITICAL_SECTION lpCriticalSection,DWORD dwSpinCount,DWORD Flags)",0x00002B40,0x00004568,132999065767967246
API,OK,0,kernel32.dll,"BOOL InitializeCriticalSectionEx(LPCRITICAL_SECTION lpCriticalSection,DWORD dwSpinCount,DWORD Flags)",0x00002B40,0x00004568,132999065767967264
API,*,0,kernel32.dll,"BOOL InitializeCriticalSectionEx(LPCRITICAL_SECTION lpCriticalSection,DWORD dwSpinCount,DWORD Flags)",0x00002B40,0x00004568,132999065767967310
API,OK,0,kernel32.dll,"BOOL InitializeCriticalSectionEx(LPCRITICAL_SECTION lpCriticalSection,DWORD dwSpinCount,DWORD Flags)",0x00002B40,0x00004568,132999065767967328
API,*,0,kernel32.dll,HMODULE GetModuleHandleW(LPCWSTR lpModuleName),0x00002B40,0x00004568,132999065767968069
API,OK,0,kernel32.dll,HMODULE GetModuleHandleW(LPCWSTR lpModuleName),0x00002B40,0x00004568,132999065767968103
STR,OK,0,lpModuleName,C:\WINDOWS\system32\oleaut32.dll,0x00002B40,0x00004568,132999065767968120
API,*,0,kernel32.dll,HANDLE GetCurrentProcess(void),0x00002B40,0x00004568,132999065767968142
API,FAIL,0000,kernel32.dll,HANDLE GetCurrentProcess(void),0x00002B40,0x00004568,132999065767968191
API,*,0,kernel32.dll,"BOOL IsWow64Process(HANDLE hProcess,PBOOL Wow64Process)",0x00002B40,0x00004568,132999065767968212
API,OK,0,kernel32.dll,"BOOL IsWow64Process(HANDLE hProcess,PBOOL Wow64Process)",0x00002B40,0x00004568,132999065767968231
API,*,0,kernel32.dll,"BOOL InitializeCriticalSectionAndSpinCount(LPCRITICAL_SECTION lpCriticalSection,DWORD dwSpinCount)",0x00002B40,0x00004568,132999065767968262
API,OK,0,kernel32.dll,"BOOL InitializeCriticalSectionAndSpinCount(LPCRITICAL_SECTION lpCriticalSection,DWORD dwSpinCount)",0x00002B40,0x00004568,132999065767968281
API,*,0,kernel32.dll,"BOOL InitializeCriticalSectionAndSpinCount(LPCRITICAL_SECTION lpCriticalSection,DWORD dwSpinCount)",0x00002B40,0x00004568,132999065767968299
API,OK,0,kernel32.dll,"BOOL InitializeCriticalSectionAndSpinCount(LPCRITICAL_SECTION lpCriticalSection,DWORD dwSpinCount)",0x00002B40,0x00004568,132999065767968317
API,*,0,kernel32.dll,"BOOL InitializeCriticalSectionAndSpinCount(LPCRITICAL_SECTION lpCriticalSection,DWORD dwSpinCount)",0x00002B40,0x00004568,132999065767968335
API,OK,0,kernel32.dll,"BOOL InitializeCriticalSectionAndSpinCount(LPCRITICAL_SECTION lpCriticalSection,DWORD dwSpinCount)",0x00002B40,0x00004568,132999065767968353
API,*,0,user32.dll,UINT RegisterClipboardFormatW(LPCWSTR lpszFormat),0x00002B40,0x00004568,132999065767968402
API,OK,0,user32.dll,UINT RegisterClipboardFormatW(LPCWSTR lpszFormat),0x00002B40,0x00004568,132999065767968460
STR,OK,0,lpszFormat,{FB8F0821-0164-101B-84ED-08002B2EC713},0x00002B40,0x00004568,132999065767968478
API,*,0,ole32.dll,LPVOID CoTaskMemAlloc(SIZE_T cb),0x00002B40,0x00004568,132999065767968894
API,OK,0,ole32.dll,LPVOID CoTaskMemAlloc(SIZE_T cb),0x00002B40,0x00004568,132999065767968941
API,*,0,kernel32.dll,DWORD GetTickCount(void),0x00002B40,0x00004568,132999065767968976
API,OK,0,kernel32.dll,DWORD GetTickCount(void),0x00002B40,0x00004568,132999065767968991
API,*,0,ole32.dll,LPVOID CoTaskMemAlloc(SIZE_T cb),0x00002B40,0x00004568,132999065767969009
API,OK,0,ole32.dll,LPVOID CoTaskMemAlloc(SIZE_T cb),0x00002B40,0x00004568,132999065767969024
API,*,0,kernel32.dll,DWORD GetTickCount(void),0x00002B40,0x00004568,132999065767969050
API,OK,0,kernel32.dll,DWORD GetTickCount(void),0x00002B40,0x00004568,132999065767969063
API,*,0,ole32.dll,LPVOID CoTaskMemAlloc(SIZE_T cb),0x00002B40,0x00004568,132999065767969109
API,OK,0,ole32.dll,LPVOID CoTaskMemAlloc(SIZE_T cb),0x00002B40,0x00004568,132999065767969123
API,*,0,kernel32.dll,void InitializeSListHead(PSLIST_HEADER ListHead),0x00002B40,0x00004568,132999065767969140
API,OK,0,kernel32.dll,void InitializeSListHead(PSLIST_HEADER ListHead),0x00002B40,0x00004568,132999065767969155
API,*,0,kernel32.dll,void InitializeSListHead(PSLIST_HEADER ListHead),0x00002B40,0x00004568,132999065767969170
API,OK,0,kernel32.dll,void InitializeSListHead(PSLIST_HEADER ListHead),0x00002B40,0x00004568,132999065767969185
API,*,0,kernel32.dll,void InitializeSListHead(PSLIST_HEADER ListHead),0x00002B40,0x00004568,132999065767969200
API,OK,0,kernel32.dll,void InitializeSListHead(PSLIST_HEADER ListHead),0x00002B40,0x00004568,132999065767969215
API,*,0,kernel32.dll,void InitializeSListHead(PSLIST_HEADER ListHead),0x00002B40,0x00004568,132999065767969318
API,OK,0,kernel32.dll,void InitializeSListHead(PSLIST_HEADER ListHead),0x00002B40,0x00004568,132999065767969333
API,*,0,kernel32.dll,"BOOL InitializeCriticalSectionAndSpinCount(LPCRITICAL_SECTION lpCriticalSection,DWORD dwSpinCount)",0x00002B40,0x00004568,132999065767969355
API,OK,0,kernel32.dll,"BOOL InitializeCriticalSectionAndSpinCount(LPCRITICAL_SECTION lpCriticalSection,DWORD dwSpinCount)",0x00002B40,0x00004568,132999065767969373
API,*,0,kernel32.dll,HMODULE GetModuleHandleW(LPCWSTR lpModuleName),0x00002B40,0x00004568,132999065767969388
API,OK,0,kernel32.dll,HMODULE GetModuleHandleW(LPCWSTR lpModuleName),0x00002B40,0x00004568,132999065767969410
STR,OK,0,lpModuleName,api-ms-win-core-synch-l1-2-0.dll,0x00002B40,0x00004568,132999065767969425
API,*,0,kernel32.dll,"BOOL InitializeCriticalSectionEx(LPCRITICAL_SECTION lpCriticalSection,DWORD dwSpinCount,DWORD Flags)",0x00002B40,0x00004568,132999065767969695
API,OK,0,kernel32.dll,"BOOL InitializeCriticalSectionEx(LPCRITICAL_SECTION lpCriticalSection,DWORD dwSpinCount,DWORD Flags)",0x00002B40,0x00004568,132999065767969714
API,*,0,kernel32.dll,"BOOL InitializeCriticalSectionEx(LPCRITICAL_SECTION lpCriticalSection,DWORD dwSpinCount,DWORD Flags)",0x00002B40,0x00004568,132999065767969732
API,OK,0,kernel32.dll,"BOOL InitializeCriticalSectionEx(LPCRITICAL_SECTION lpCriticalSection,DWORD dwSpinCount,DWORD Flags)",0x00002B40,0x00004568,132999065767969750
API,*,0,kernel32.dll,void InitOnceInitialize(PINIT_ONCE InitOnce),0x00002B40,0x00004568,132999065767969785
API,OK,0,kernel32.dll,void InitOnceInitialize(PINIT_ONCE InitOnce),0x00002B40,0x00004568,132999065767969805
API,*,0,kernel32.dll,void InitOnceInitialize(PINIT_ONCE InitOnce),0x00002B40,0x00004568,132999065767969824
API,OK,0,kernel32.dll,void InitOnceInitialize(PINIT_ONCE InitOnce),0x00002B40,0x00004568,132999065767969839
API,*,0,kernel32.dll,void InitOnceInitialize(PINIT_ONCE InitOnce),0x00002B40,0x00004568,132999065767969855
API,OK,0,kernel32.dll,void InitOnceInitialize(PINIT_ONCE InitOnce),0x00002B40,0x00004568,132999065767969870
API,*,0,kernel32.dll,HMODULE GetModuleHandleW(LPCWSTR lpModuleName),0x00002B40,0x00004568,132999065767969886
API,OK,0,kernel32.dll,HMODULE GetModuleHandleW(LPCWSTR lpModuleName),0x00002B40,0x00004568,132999065767969929
STR,OK,0,lpModuleName,ext-ms-win-ole32-oleautomation-l1-1-0.dll,0x00002B40,0x00004568,132999065767969946
API,*,0,ole32.dll,void SetOleautModule(struct HINSTANCE__* P0),0x00002B40,0x00004568,132999065767970241
API,OK,0,ole32.dll,void SetOleautModule(struct HINSTANCE__* P0),0x00002B40,0x00004568,132999065767970256
API,*,0,kernel32.dll,"unsigned int GetSystemDirectoryW(wchar_t* P0,unsigned int P1)",0x00002B40,0x00004568,132999065767970276
API,OK,0,kernel32.dll,"unsigned int GetSystemDirectoryW(wchar_t* P0,unsigned int P1)",0x00002B40,0x00004568,132999065767970316
API,*,0,kernel32.dll,BOOL IsDBCSLeadByte(BYTE TestChar),0x00002B40,0x00004568,132999065767970340
API,FAIL,0000,kernel32.dll,BOOL IsDBCSLeadByte(BYTE TestChar),0x00002B40,0x00004568,132999065767970376
API,*,0,kernel32.dll,BOOL IsDBCSLeadByte(BYTE TestChar),0x00002B40,0x00004568,132999065767970390
API,OK,0,kernel32.dll,BOOL IsDBCSLeadByte(BYTE TestChar),0x00002B40,0x00004568,132999065767970404
API,*,0,kernel32.dll,BOOL IsDBCSLeadByte(BYTE TestChar),0x00002B40,0x00004568,132999065767970432
API,OK,0,kernel32.dll,BOOL IsDBCSLeadByte(BYTE TestChar),0x00002B40,0x00004568,132999065767970446
API,*,0,kernel32.dll,BOOL IsDBCSLeadByte(BYTE TestChar),0x00002B40,0x00004568,132999065767970460
API,OK,0,kernel32.dll,BOOL IsDBCSLeadByte(BYTE TestChar),0x00002B40,0x00004568,132999065767970474
API,*,0,kernel32.dll,BOOL IsDBCSLeadByte(BYTE TestChar),0x00002B40,0x00004568,132999065767970490
API,OK,0,kernel32.dll,BOOL IsDBCSLeadByte(BYTE TestChar),0x00002B40,0x00004568,132999065767970504
API,*,0,kernel32.dll,BOOL IsDBCSLeadByte(BYTE TestChar),0x00002B40,0x00004568,132999065767970517
API,OK,0,kernel32.dll,BOOL IsDBCSLeadByte(BYTE TestChar),0x00002B40,0x00004568,132999065767970531
API,*,0,kernel32.dll,BOOL IsDBCSLeadByte(BYTE TestChar),0x00002B40,0x00004568,132999065767970545
API,OK,0,kernel32.dll,BOOL IsDBCSLeadByte(BYTE TestChar),0x00002B40,0x00004568,132999065767970559
API,*,0,kernel32.dll,BOOL IsDBCSLeadByte(BYTE TestChar),0x00002B40,0x00004568,132999065767970573
API,OK,0,kernel32.dll,BOOL IsDBCSLeadByte(BYTE TestChar),0x00002B40,0x00004568,132999065767970587
API,*,0,kernel32.dll,BOOL IsDBCSLeadByte(BYTE TestChar),0x00002B40,0x00004568,132999065767970600
API,OK,0,kernel32.dll,BOOL IsDBCSLeadByte(BYTE TestChar),0x00002B40,0x00004568,132999065767970614
API,*,0,kernel32.dll,BOOL IsDBCSLeadByte(BYTE TestChar),0x00002B40,0x00004568,132999065767970628
API,OK,0,kernel32.dll,BOOL IsDBCSLeadByte(BYTE TestChar),0x00002B40,0x00004568,132999065767970642
API,*,0,kernel32.dll,BOOL IsDBCSLeadByte(BYTE TestChar),0x00002B40,0x00004568,132999065767970656
API,OK,0,kernel32.dll,BOOL IsDBCSLeadByte(BYTE TestChar),0x00002B40,0x00004568,132999065767970670
API,*,0,kernel32.dll,BOOL IsDBCSLeadByte(BYTE TestChar),0x00002B40,0x00004568,132999065767970686
API,OK,0,kernel32.dll,BOOL IsDBCSLeadByte(BYTE TestChar),0x00002B40,0x00004568,132999065767970699
API,*,0,kernel32.dll,BOOL IsDBCSLeadByte(BYTE TestChar),0x00002B40,0x00004568,132999065767970713
API,OK,0,kernel32.dll,BOOL IsDBCSLeadByte(BYTE TestChar),0x00002B40,0x00004568,132999065767970728
API,*,0,kernel32.dll,BOOL IsDBCSLeadByte(BYTE TestChar),0x00002B40,0x00004568,132999065767970741
API,OK,0,kernel32.dll,BOOL IsDBCSLeadByte(BYTE TestChar),0x00002B40,0x00004568,132999065767970755
API,*,0,kernel32.dll,BOOL IsDBCSLeadByte(BYTE TestChar),0x00002B40,0x00004568,132999065767970769
API,OK,0,kernel32.dll,BOOL IsDBCSLeadByte(BYTE TestChar),0x00002B40,0x00004568,132999065767970782
API,*,0,kernel32.dll,BOOL IsDBCSLeadByte(BYTE TestChar),0x00002B40,0x00004568,132999065767970797
API,OK,0,kernel32.dll,BOOL IsDBCSLeadByte(BYTE TestChar),0x00002B40,0x00004568,132999065767970811
API,*,0,kernel32.dll,BOOL IsDBCSLeadByte(BYTE TestChar),0x00002B40,0x00004568,132999065767970825
API,OK,0,kernel32.dll,BOOL IsDBCSLeadByte(BYTE TestChar),0x00002B40,0x00004568,132999065767970838
API,*,0,kernel32.dll,BOOL IsDBCSLeadByte(BYTE TestChar),0x00002B40,0x00004568,132999065767970852
API,OK,0,kernel32.dll,BOOL IsDBCSLeadByte(BYTE TestChar),0x00002B40,0x00004568,132999065767970866
API,*,0,kernel32.dll,BOOL IsDBCSLeadByte(BYTE TestChar),0x00002B40,0x00004568,132999065767970880
API,OK,0,kernel32.dll,BOOL IsDBCSLeadByte(BYTE TestChar),0x00002B40,0x00004568,132999065767970894
API,*,0,kernel32.dll,BOOL IsDBCSLeadByte(BYTE TestChar),0x00002B40,0x00004568,132999065767970908
API,OK,0,kernel32.dll,BOOL IsDBCSLeadByte(BYTE TestChar),0x00002B40,0x00004568,132999065767970922
API,*,0,kernel32.dll,BOOL IsDBCSLeadByte(BYTE TestChar),0x00002B40,0x00004568,132999065767970936
API,OK,0,kernel32.dll,BOOL IsDBCSLeadByte(BYTE TestChar),0x00002B40,0x00004568,132999065767970950
API,*,0,kernel32.dll,BOOL IsDBCSLeadByte(BYTE TestChar),0x00002B40,0x00004568,132999065767970963
API,OK,0,kernel32.dll,BOOL IsDBCSLeadByte(BYTE TestChar),0x00002B40,0x00004568,132999065767970977
API,*,0,kernel32.dll,BOOL IsDBCSLeadByte(BYTE TestChar),0x00002B40,0x00004568,132999065767970991
API,OK,0,kernel32.dll,BOOL IsDBCSLeadByte(BYTE TestChar),0x00002B40,0x00004568,132999065767971005
API,*,0,kernel32.dll,BOOL IsDBCSLeadByte(BYTE TestChar),0x00002B40,0x00004568,132999065767971019
API,OK,0,kernel32.dll,BOOL IsDBCSLeadByte(BYTE TestChar),0x00002B40,0x00004568,132999065767971033
API,*,0,kernel32.dll,BOOL IsDBCSLeadByte(BYTE TestChar),0x00002B40,0x00004568,132999065767971047
API,OK,0,kernel32.dll,BOOL IsDBCSLeadByte(BYTE TestChar),0x00002B40,0x00004568,132999065767971061
API,*,0,kernel32.dll,BOOL IsDBCSLeadByte(BYTE TestChar),0x00002B40,0x00004568,132999065767971075
API,OK,0,kernel32.dll,BOOL IsDBCSLeadByte(BYTE TestChar),0x00002B40,0x00004568,132999065767971088
API,*,0,kernel32.dll,BOOL IsDBCSLeadByte(BYTE TestChar),0x00002B40,0x00004568,132999065767971102
API,OK,0,kernel32.dll,BOOL IsDBCSLeadByte(BYTE TestChar),0x00002B40,0x00004568,132999065767971116
API,*,0,kernel32.dll,BOOL IsDBCSLeadByte(BYTE TestChar),0x00002B40,0x00004568,132999065767971130
API,OK,0,kernel32.dll,BOOL IsDBCSLeadByte(BYTE TestChar),0x00002B40,0x00004568,132999065767971144
API,*,0,kernel32.dll,BOOL IsDBCSLeadByte(BYTE TestChar),0x00002B40,0x00004568,132999065767971158
API,OK,0,kernel32.dll,BOOL IsDBCSLeadByte(BYTE TestChar),0x00002B40,0x00004568,132999065767971172
API,*,0,kernel32.dll,BOOL IsDBCSLeadByte(BYTE TestChar),0x00002B40,0x00004568,132999065767971186
API,OK,0,kernel32.dll,BOOL IsDBCSLeadByte(BYTE TestChar),0x00002B40,0x00004568,132999065767971199
API,*,0,kernel32.dll,BOOL IsDBCSLeadByte(BYTE TestChar),0x00002B40,0x00004568,132999065767971213
API,OK,0,kernel32.dll,BOOL IsDBCSLeadByte(BYTE TestChar),0x00002B40,0x00004568,132999065767971227
API,*,0,kernel32.dll,BOOL IsDBCSLeadByte(BYTE TestChar),0x00002B40,0x00004568,132999065767971241
API,OK,0,kernel32.dll,BOOL IsDBCSLeadByte(BYTE TestChar),0x00002B40,0x00004568,132999065767971255
API,*,0,kernel32.dll,BOOL IsDBCSLeadByte(BYTE TestChar),0x00002B40,0x00004568,132999065767971269
API,OK,0,kernel32.dll,BOOL IsDBCSLeadByte(BYTE TestChar),0x00002B40,0x00004568,132999065767971283
API,*,0,kernel32.dll,BOOL IsDBCSLeadByte(BYTE TestChar),0x00002B40,0x00004568,132999065767971296
API,OK,0,kernel32.dll,BOOL IsDBCSLeadByte(BYTE TestChar),0x00002B40,0x00004568,132999065767971310
API,*,0,kernel32.dll,BOOL IsDBCSLeadByte(BYTE TestChar),0x00002B40,0x00004568,132999065767971324
API,OK,0,kernel32.dll,BOOL IsDBCSLeadByte(BYTE TestChar),0x00002B40,0x00004568,132999065767971338
API,*,0,kernel32.dll,BOOL IsDBCSLeadByte(BYTE TestChar),0x00002B40,0x00004568,132999065767971352
API,OK,0,kernel32.dll,BOOL IsDBCSLeadByte(BYTE TestChar),0x00002B40,0x00004568,132999065767971366
API,*,0,kernel32.dll,BOOL IsDBCSLeadByte(BYTE TestChar),0x00002B40,0x00004568,132999065767971380
API,OK,0,kernel32.dll,BOOL IsDBCSLeadByte(BYTE TestChar),0x00002B40,0x00004568,132999065767971394
API,*,0,kernel32.dll,BOOL IsDBCSLeadByte(BYTE TestChar),0x00002B40,0x00004568,132999065767971408
API,OK,0,kernel32.dll,BOOL IsDBCSLeadByte(BYTE TestChar),0x00002B40,0x00004568,132999065767971421
API,*,0,kernel32.dll,BOOL IsDBCSLeadByte(BYTE TestChar),0x00002B40,0x00004568,132999065767971435
API,OK,0,kernel32.dll,BOOL IsDBCSLeadByte(BYTE TestChar),0x00002B40,0x00004568,132999065767971449
API,*,0,kernel32.dll,BOOL IsDBCSLeadByte(BYTE TestChar),0x00002B40,0x00004568,132999065767971463
API,OK,0,kernel32.dll,BOOL IsDBCSLeadByte(BYTE TestChar),0x00002B40,0x00004568,132999065767971477
API,*,0,kernel32.dll,BOOL IsDBCSLeadByte(BYTE TestChar),0x00002B40,0x00004568,132999065767971491
API,OK,0,kernel32.dll,BOOL IsDBCSLeadByte(BYTE TestChar),0x00002B40,0x00004568,132999065767971505
API,*,0,kernel32.dll,BOOL IsDBCSLeadByte(BYTE TestChar),0x00002B40,0x00004568,132999065767971519
API,OK,0,kernel32.dll,BOOL IsDBCSLeadByte(BYTE TestChar),0x00002B40,0x00004568,132999065767971533
API,*,0,kernel32.dll,BOOL IsDBCSLeadByte(BYTE TestChar),0x00002B40,0x00004568,132999065767971547
API,OK,0,kernel32.dll,BOOL IsDBCSLeadByte(BYTE TestChar),0x00002B40,0x00004568,132999065767971560
API,*,0,kernel32.dll,BOOL IsDBCSLeadByte(BYTE TestChar),0x00002B40,0x00004568,132999065767971575
API,OK,0,kernel32.dll,BOOL IsDBCSLeadByte(BYTE TestChar),0x00002B40,0x00004568,132999065767971589
API,*,0,kernel32.dll,BOOL IsDBCSLeadByte(BYTE TestChar),0x00002B40,0x00004568,132999065767971603
API,OK,0,kernel32.dll,BOOL IsDBCSLeadByte(BYTE TestChar),0x00002B40,0x00004568,132999065767971617
API,*,0,kernel32.dll,BOOL IsDBCSLeadByte(BYTE TestChar),0x00002B40,0x00004568,132999065767971630
API,OK,0,kernel32.dll,BOOL IsDBCSLeadByte(BYTE TestChar),0x00002B40,0x00004568,132999065767971644
API,*,0,kernel32.dll,BOOL IsDBCSLeadByte(BYTE TestChar),0x00002B40,0x00004568,132999065767971658
API,OK,0,kernel32.dll,BOOL IsDBCSLeadByte(BYTE TestChar),0x00002B40,0x00004568,132999065767971672
API,*,0,kernel32.dll,BOOL IsDBCSLeadByte(BYTE TestChar),0x00002B40,0x00004568,132999065767971686
API,OK,0,kernel32.dll,BOOL IsDBCSLeadByte(BYTE TestChar),0x00002B40,0x00004568,132999065767971700
API,*,0,kernel32.dll,BOOL IsDBCSLeadByte(BYTE TestChar),0x00002B40,0x00004568,132999065767971714
API,OK,0,kernel32.dll,BOOL IsDBCSLeadByte(BYTE TestChar),0x00002B40,0x00004568,132999065767971728
API,*,0,kernel32.dll,BOOL IsDBCSLeadByte(BYTE TestChar),0x00002B40,0x00004568,132999065767971742
API,OK,0,kernel32.dll,BOOL IsDBCSLeadByte(BYTE TestChar),0x00002B40,0x00004568,132999065767971756
API,*,0,kernel32.dll,BOOL IsDBCSLeadByte(BYTE TestChar),0x00002B40,0x00004568,132999065767971770
API,OK,0,kernel32.dll,BOOL IsDBCSLeadByte(BYTE TestChar),0x00002B40,0x00004568,132999065767971783
API,*,0,kernel32.dll,BOOL IsDBCSLeadByte(BYTE TestChar),0x00002B40,0x00004568,132999065767971798
API,OK,0,kernel32.dll,BOOL IsDBCSLeadByte(BYTE TestChar),0x00002B40,0x00004568,132999065767971812
API,*,0,kernel32.dll,BOOL IsDBCSLeadByte(BYTE TestChar),0x00002B40,0x00004568,132999065767971825
API,OK,0,kernel32.dll,BOOL IsDBCSLeadByte(BYTE TestChar),0x00002B40,0x00004568,132999065767971840
API,*,0,kernel32.dll,BOOL IsDBCSLeadByte(BYTE TestChar),0x00002B40,0x00004568,132999065767971853
API,OK,0,kernel32.dll,BOOL IsDBCSLeadByte(BYTE TestChar),0x00002B40,0x00004568,132999065767971867
API,*,0,kernel32.dll,BOOL IsDBCSLeadByte(BYTE TestChar),0x00002B40,0x00004568,132999065767971881
API,OK,0,kernel32.dll,BOOL IsDBCSLeadByte(BYTE TestChar),0x00002B40,0x00004568,132999065767971895
API,*,0,kernel32.dll,BOOL IsDBCSLeadByte(BYTE TestChar),0x00002B40,0x00004568,132999065767971909
API,OK,0,kernel32.dll,BOOL IsDBCSLeadByte(BYTE TestChar),0x00002B40,0x00004568,132999065767971923
API,*,0,kernel32.dll,BOOL IsDBCSLeadByte(BYTE TestChar),0x00002B40,0x00004568,132999065767971937
API,OK,0,kernel32.dll,BOOL IsDBCSLeadByte(BYTE TestChar),0x00002B40,0x00004568,132999065767971951
API,*,0,kernel32.dll,BOOL IsDBCSLeadByte(BYTE TestChar),0x00002B40,0x00004568,132999065767971965
API,OK,0,kernel32.dll,BOOL IsDBCSLeadByte(BYTE TestChar),0x00002B40,0x00004568,132999065767971979
API,*,0,kernel32.dll,BOOL IsDBCSLeadByte(BYTE TestChar),0x00002B40,0x00004568,132999065767971993
API,OK,0,kernel32.dll,BOOL IsDBCSLeadByte(BYTE TestChar),0x00002B40,0x00004568,132999065767972006
API,*,0,kernel32.dll,BOOL IsDBCSLeadByte(BYTE TestChar),0x00002B40,0x00004568,132999065767972021
API,OK,0,kernel32.dll,BOOL IsDBCSLeadByte(BYTE TestChar),0x00002B40,0x00004568,132999065767972035
API,*,0,kernel32.dll,BOOL IsDBCSLeadByte(BYTE TestChar),0x00002B40,0x00004568,132999065767972049
API,OK,0,kernel32.dll,BOOL IsDBCSLeadByte(BYTE TestChar),0x00002B40,0x00004568,132999065767972063
API,*,0,kernel32.dll,BOOL IsDBCSLeadByte(BYTE TestChar),0x00002B40,0x00004568,132999065767972077
API,OK,0,kernel32.dll,BOOL IsDBCSLeadByte(BYTE TestChar),0x00002B40,0x00004568,132999065767972090
API,*,0,kernel32.dll,BOOL IsDBCSLeadByte(BYTE TestChar),0x00002B40,0x00004568,132999065767972104
API,OK,0,kernel32.dll,BOOL IsDBCSLeadByte(BYTE TestChar),0x00002B40,0x00004568,132999065767972118
API,*,0,kernel32.dll,BOOL IsDBCSLeadByte(BYTE TestChar),0x00002B40,0x00004568,132999065767972132
API,OK,0,kernel32.dll,BOOL IsDBCSLeadByte(BYTE TestChar),0x00002B40,0x00004568,132999065767972146
API,*,0,kernel32.dll,BOOL IsDBCSLeadByte(BYTE TestChar),0x00002B40,0x00004568,132999065767972160
API,OK,0,kernel32.dll,BOOL IsDBCSLeadByte(BYTE TestChar),0x00002B40,0x00004568,132999065767972173
API,*,0,kernel32.dll,BOOL IsDBCSLeadByte(BYTE TestChar),0x00002B40,0x00004568,132999065767972187
API,OK,0,kernel32.dll,BOOL IsDBCSLeadByte(BYTE TestChar),0x00002B40,0x00004568,132999065767972201
API,*,0,kernel32.dll,BOOL IsDBCSLeadByte(BYTE TestChar),0x00002B40,0x00004568,132999065767972215
API,OK,0,kernel32.dll,BOOL IsDBCSLeadByte(BYTE TestChar),0x00002B40,0x00004568,132999065767972228
API,*,0,kernel32.dll,BOOL IsDBCSLeadByte(BYTE TestChar),0x00002B40,0x00004568,132999065767972243
API,OK,0,kernel32.dll,BOOL IsDBCSLeadByte(BYTE TestChar),0x00002B40,0x00004568,132999065767972257
API,*,0,kernel32.dll,BOOL IsDBCSLeadByte(BYTE TestChar),0x00002B40,0x00004568,132999065767972270
API,OK,0,kernel32.dll,BOOL IsDBCSLeadByte(BYTE TestChar),0x00002B40,0x00004568,132999065767972284
API,*,0,kernel32.dll,BOOL IsDBCSLeadByte(BYTE TestChar),0x00002B40,0x00004568,132999065767972298
API,OK,0,kernel32.dll,BOOL IsDBCSLeadByte(BYTE TestChar),0x00002B40,0x00004568,132999065767972312
API,*,0,kernel32.dll,BOOL IsDBCSLeadByte(BYTE TestChar),0x00002B40,0x00004568,132999065767972349
API,OK,0,kernel32.dll,BOOL IsDBCSLeadByte(BYTE TestChar),0x00002B40,0x00004568,132999065767972364
API,*,0,kernel32.dll,BOOL IsDBCSLeadByte(BYTE TestChar),0x00002B40,0x00004568,132999065767972378
API,OK,0,kernel32.dll,BOOL IsDBCSLeadByte(BYTE TestChar),0x00002B40,0x00004568,132999065767972392
API,*,0,kernel32.dll,BOOL IsDBCSLeadByte(BYTE TestChar),0x00002B40,0x00004568,132999065767972406
API,OK,0,kernel32.dll,BOOL IsDBCSLeadByte(BYTE TestChar),0x00002B40,0x00004568,132999065767972420
API,*,0,kernel32.dll,BOOL IsDBCSLeadByte(BYTE TestChar),0x00002B40,0x00004568,132999065767972433
API,OK,0,kernel32.dll,BOOL IsDBCSLeadByte(BYTE TestChar),0x00002B40,0x00004568,132999065767972447
API,*,0,kernel32.dll,BOOL IsDBCSLeadByte(BYTE TestChar),0x00002B40,0x00004568,132999065767972461
API,OK,0,kernel32.dll,BOOL IsDBCSLeadByte(BYTE TestChar),0x00002B40,0x00004568,132999065767972474
API,*,0,kernel32.dll,BOOL IsDBCSLeadByte(BYTE TestChar),0x00002B40,0x00004568,132999065767972489
API,OK,0,kernel32.dll,BOOL IsDBCSLeadByte(BYTE TestChar),0x00002B40,0x00004568,132999065767972503
API,*,0,kernel32.dll,BOOL IsDBCSLeadByte(BYTE TestChar),0x00002B40,0x00004568,132999065767972517
API,OK,0,kernel32.dll,BOOL IsDBCSLeadByte(BYTE TestChar),0x00002B40,0x00004568,132999065767972531
API,*,0,kernel32.dll,BOOL IsDBCSLeadByte(BYTE TestChar),0x00002B40,0x00004568,132999065767972545
API,OK,0,kernel32.dll,BOOL IsDBCSLeadByte(BYTE TestChar),0x00002B40,0x00004568,132999065767972558
API,*,0,kernel32.dll,BOOL IsDBCSLeadByte(BYTE TestChar),0x00002B40,0x00004568,132999065767972572
API,OK,0,kernel32.dll,BOOL IsDBCSLeadByte(BYTE TestChar),0x00002B40,0x00004568,132999065767972585
API,*,0,kernel32.dll,BOOL IsDBCSLeadByte(BYTE TestChar),0x00002B40,0x00004568,132999065767972600
API,OK,0,kernel32.dll,BOOL IsDBCSLeadByte(BYTE TestChar),0x00002B40,0x00004568,132999065767972614
API,*,0,kernel32.dll,BOOL IsDBCSLeadByte(BYTE TestChar),0x00002B40,0x00004568,132999065767972628
API,OK,0,kernel32.dll,BOOL IsDBCSLeadByte(BYTE TestChar),0x00002B40,0x00004568,132999065767972642
API,*,0,kernel32.dll,BOOL IsDBCSLeadByte(BYTE TestChar),0x00002B40,0x00004568,132999065767972656
API,OK,0,kernel32.dll,BOOL IsDBCSLeadByte(BYTE TestChar),0x00002B40,0x00004568,132999065767972670
API,*,0,kernel32.dll,BOOL IsDBCSLeadByte(BYTE TestChar),0x00002B40,0x00004568,132999065767972684
API,OK,0,kernel32.dll,BOOL IsDBCSLeadByte(BYTE TestChar),0x00002B40,0x00004568,132999065767972698
API,*,0,kernel32.dll,BOOL IsDBCSLeadByte(BYTE TestChar),0x00002B40,0x00004568,132999065767972712
API,OK,0,kernel32.dll,BOOL IsDBCSLeadByte(BYTE TestChar),0x00002B40,0x00004568,132999065767972726
API,*,0,kernel32.dll,BOOL IsDBCSLeadByte(BYTE TestChar),0x00002B40,0x00004568,132999065767972740
API,OK,0,kernel32.dll,BOOL IsDBCSLeadByte(BYTE TestChar),0x00002B40,0x00004568,132999065767972754
API,*,0,kernel32.dll,BOOL IsDBCSLeadByte(BYTE TestChar),0x00002B40,0x00004568,132999065767972768
API,OK,0,kernel32.dll,BOOL IsDBCSLeadByte(BYTE TestChar),0x00002B40,0x00004568,132999065767972781
API,*,0,kernel32.dll,BOOL IsDBCSLeadByte(BYTE TestChar),0x00002B40,0x00004568,132999065767972795
API,OK,0,kernel32.dll,BOOL IsDBCSLeadByte(BYTE TestChar),0x00002B40,0x00004568,132999065767972809
API,*,0,kernel32.dll,BOOL IsDBCSLeadByte(BYTE TestChar),0x00002B40,0x00004568,132999065767972823
API,OK,0,kernel32.dll,BOOL IsDBCSLeadByte(BYTE TestChar),0x00002B40,0x00004568,132999065767972837
API,*,0,kernel32.dll,BOOL IsDBCSLeadByte(BYTE TestChar),0x00002B40,0x00004568,132999065767972851
API,OK,0,kernel32.dll,BOOL IsDBCSLeadByte(BYTE TestChar),0x00002B40,0x00004568,132999065767972865
API,*,0,kernel32.dll,BOOL IsDBCSLeadByte(BYTE TestChar),0x00002B40,0x00004568,132999065767972878
API,OK,0,kernel32.dll,BOOL IsDBCSLeadByte(BYTE TestChar),0x00002B40,0x00004568,132999065767972892
API,*,0,kernel32.dll,BOOL IsDBCSLeadByte(BYTE TestChar),0x00002B40,0x00004568,132999065767972906
API,OK,0,kernel32.dll,BOOL IsDBCSLeadByte(BYTE TestChar),0x00002B40,0x00004568,132999065767972920
API,*,0,kernel32.dll,BOOL IsDBCSLeadByte(BYTE TestChar),0x00002B40,0x00004568,132999065767972934
API,OK,0,kernel32.dll,BOOL IsDBCSLeadByte(BYTE TestChar),0x00002B40,0x00004568,132999065767972948
API,*,0,kernel32.dll,BOOL IsDBCSLeadByte(BYTE TestChar),0x00002B40,0x00004568,132999065767972962
API,OK,0,kernel32.dll,BOOL IsDBCSLeadByte(BYTE TestChar),0x00002B40,0x00004568,132999065767972976
API,*,0,kernel32.dll,BOOL IsDBCSLeadByte(BYTE TestChar),0x00002B40,0x00004568,132999065767972989
API,OK,0,kernel32.dll,BOOL IsDBCSLeadByte(BYTE TestChar),0x00002B40,0x00004568,132999065767973003
API,*,0,kernel32.dll,BOOL IsDBCSLeadByte(BYTE TestChar),0x00002B40,0x00004568,132999065767973017
API,OK,0,kernel32.dll,BOOL IsDBCSLeadByte(BYTE TestChar),0x00002B40,0x00004568,132999065767973031
API,*,0,kernel32.dll,BOOL IsDBCSLeadByte(BYTE TestChar),0x00002B40,0x00004568,132999065767973045
API,OK,0,kernel32.dll,BOOL IsDBCSLeadByte(BYTE TestChar),0x00002B40,0x00004568,132999065767973059
API,*,0,kernel32.dll,BOOL IsDBCSLeadByte(BYTE TestChar),0x00002B40,0x00004568,132999065767973073
API,OK,0,kernel32.dll,BOOL IsDBCSLeadByte(BYTE TestChar),0x00002B40,0x00004568,132999065767973087
API,*,0,kernel32.dll,BOOL IsDBCSLeadByte(BYTE TestChar),0x00002B40,0x00004568,132999065767973100
API,OK,0,kernel32.dll,BOOL IsDBCSLeadByte(BYTE TestChar),0x00002B40,0x00004568,132999065767973114
API,*,0,kernel32.dll,BOOL IsDBCSLeadByte(BYTE TestChar),0x00002B40,0x00004568,132999065767973127
API,OK,0,kernel32.dll,BOOL IsDBCSLeadByte(BYTE TestChar),0x00002B40,0x00004568,132999065767973141
API,*,0,kernel32.dll,BOOL IsDBCSLeadByte(BYTE TestChar),0x00002B40,0x00004568,132999065767973156
API,OK,0,kernel32.dll,BOOL IsDBCSLeadByte(BYTE TestChar),0x00002B40,0x00004568,132999065767973170
API,*,0,kernel32.dll,BOOL IsDBCSLeadByte(BYTE TestChar),0x00002B40,0x00004568,132999065767973183
API,OK,0,kernel32.dll,BOOL IsDBCSLeadByte(BYTE TestChar),0x00002B40,0x00004568,132999065767973197
API,*,0,kernel32.dll,BOOL IsDBCSLeadByte(BYTE TestChar),0x00002B40,0x00004568,132999065767973211
API,OK,0,kernel32.dll,BOOL IsDBCSLeadByte(BYTE TestChar),0x00002B40,0x00004568,132999065767973224
API,*,0,kernel32.dll,BOOL IsDBCSLeadByte(BYTE TestChar),0x00002B40,0x00004568,132999065767973238
API,OK,0,kernel32.dll,BOOL IsDBCSLeadByte(BYTE TestChar),0x00002B40,0x00004568,132999065767973252
API,*,0,kernel32.dll,BOOL IsDBCSLeadByte(BYTE TestChar),0x00002B40,0x00004568,132999065767973266
API,OK,0,kernel32.dll,BOOL IsDBCSLeadByte(BYTE TestChar),0x00002B40,0x00004568,132999065767973280
API,*,0,kernel32.dll,BOOL IsDBCSLeadByte(BYTE TestChar),0x00002B40,0x00004568,132999065767973294
API,OK,0,kernel32.dll,BOOL IsDBCSLeadByte(BYTE TestChar),0x00002B40,0x00004568,132999065767973308
API,*,0,kernel32.dll,BOOL IsDBCSLeadByte(BYTE TestChar),0x00002B40,0x00004568,132999065767973322
API,OK,0,kernel32.dll,BOOL IsDBCSLeadByte(BYTE TestChar),0x00002B40,0x00004568,132999065767973336
API,*,0,kernel32.dll,BOOL IsDBCSLeadByte(BYTE TestChar),0x00002B40,0x00004568,132999065767973349
API,OK,0,kernel32.dll,BOOL IsDBCSLeadByte(BYTE TestChar),0x00002B40,0x00004568,132999065767973363
API,*,0,kernel32.dll,BOOL IsDBCSLeadByte(BYTE TestChar),0x00002B40,0x00004568,132999065767973377
API,OK,0,kernel32.dll,BOOL IsDBCSLeadByte(BYTE TestChar),0x00002B40,0x00004568,132999065767973391
API,*,0,kernel32.dll,BOOL IsDBCSLeadByte(BYTE TestChar),0x00002B40,0x00004568,132999065767973405
API,OK,0,kernel32.dll,BOOL IsDBCSLeadByte(BYTE TestChar),0x00002B40,0x00004568,132999065767973419
API,*,0,kernel32.dll,BOOL IsDBCSLeadByte(BYTE TestChar),0x00002B40,0x00004568,132999065767973433
API,OK,0,kernel32.dll,BOOL IsDBCSLeadByte(BYTE TestChar),0x00002B40,0x00004568,132999065767973447
API,*,0,kernel32.dll,BOOL IsDBCSLeadByte(BYTE TestChar),0x00002B40,0x00004568,132999065767973460
API,OK,0,kernel32.dll,BOOL IsDBCSLeadByte(BYTE TestChar),0x00002B40,0x00004568,132999065767973474
API,*,0,kernel32.dll,BOOL IsDBCSLeadByte(BYTE TestChar),0x00002B40,0x00004568,132999065767973488
API,OK,0,kernel32.dll,BOOL IsDBCSLeadByte(BYTE TestChar),0x00002B40,0x00004568,132999065767973502
API,*,0,kernel32.dll,BOOL IsDBCSLeadByte(BYTE TestChar),0x00002B40,0x00004568,132999065767973516
API,OK,0,kernel32.dll,BOOL IsDBCSLeadByte(BYTE TestChar),0x00002B40,0x00004568,132999065767973530
API,*,0,kernel32.dll,BOOL IsDBCSLeadByte(BYTE TestChar),0x00002B40,0x00004568,132999065767973543
API,OK,0,kernel32.dll,BOOL IsDBCSLeadByte(BYTE TestChar),0x00002B40,0x00004568,132999065767973557
API,*,0,kernel32.dll,BOOL IsDBCSLeadByte(BYTE TestChar),0x00002B40,0x00004568,132999065767973571
API,OK,0,kernel32.dll,BOOL IsDBCSLeadByte(BYTE TestChar),0x00002B40,0x00004568,132999065767973584
API,*,0,kernel32.dll,BOOL IsDBCSLeadByte(BYTE TestChar),0x00002B40,0x00004568,132999065767973599
API,OK,0,kernel32.dll,BOOL IsDBCSLeadByte(BYTE TestChar),0x00002B40,0x00004568,132999065767973613
API,*,0,kernel32.dll,BOOL IsDBCSLeadByte(BYTE TestChar),0x00002B40,0x00004568,132999065767973627
API,OK,0,kernel32.dll,BOOL IsDBCSLeadByte(BYTE TestChar),0x00002B40,0x00004568,132999065767973640
API,*,0,kernel32.dll,BOOL IsDBCSLeadByte(BYTE TestChar),0x00002B40,0x00004568,132999065767973654
API,OK,0,kernel32.dll,BOOL IsDBCSLeadByte(BYTE TestChar),0x00002B40,0x00004568,132999065767973668
API,*,0,kernel32.dll,BOOL IsDBCSLeadByte(BYTE TestChar),0x00002B40,0x00004568,132999065767973681
API,OK,0,kernel32.dll,BOOL IsDBCSLeadByte(BYTE TestChar),0x00002B40,0x00004568,132999065767973695
API,*,0,kernel32.dll,BOOL IsDBCSLeadByte(BYTE TestChar),0x00002B40,0x00004568,132999065767973709
API,OK,0,kernel32.dll,BOOL IsDBCSLeadByte(BYTE TestChar),0x00002B40,0x00004568,132999065767973723
API,*,0,kernel32.dll,BOOL IsDBCSLeadByte(BYTE TestChar),0x00002B40,0x00004568,132999065767973737
API,OK,0,kernel32.dll,BOOL IsDBCSLeadByte(BYTE TestChar),0x00002B40,0x00004568,132999065767973751
API,*,0,kernel32.dll,BOOL IsDBCSLeadByte(BYTE TestChar),0x00002B40,0x00004568,132999065767973765
API,OK,0,kernel32.dll,BOOL IsDBCSLeadByte(BYTE TestChar),0x00002B40,0x00004568,132999065767973779
API,*,0,kernel32.dll,BOOL IsDBCSLeadByte(BYTE TestChar),0x00002B40,0x00004568,132999065767973792
API,OK,0,kernel32.dll,BOOL IsDBCSLeadByte(BYTE TestChar),0x00002B40,0x00004568,132999065767973806
API,*,0,kernel32.dll,BOOL IsDBCSLeadByte(BYTE TestChar),0x00002B40,0x00004568,132999065767973820
API,OK,0,kernel32.dll,BOOL IsDBCSLeadByte(BYTE TestChar),0x00002B40,0x00004568,132999065767973834
API,*,0,kernel32.dll,BOOL IsDBCSLeadByte(BYTE TestChar),0x00002B40,0x00004568,132999065767973848
API,OK,0,kernel32.dll,BOOL IsDBCSLeadByte(BYTE TestChar),0x00002B40,0x00004568,132999065767973862
API,*,0,kernel32.dll,BOOL IsDBCSLeadByte(BYTE TestChar),0x00002B40,0x00004568,132999065767973876
API,OK,0,kernel32.dll,BOOL IsDBCSLeadByte(BYTE TestChar),0x00002B40,0x00004568,132999065767973889
API,*,0,kernel32.dll,BOOL IsDBCSLeadByte(BYTE TestChar),0x00002B40,0x00004568,132999065767973903
API,OK,0,kernel32.dll,BOOL IsDBCSLeadByte(BYTE TestChar),0x00002B40,0x00004568,132999065767973917
API,*,0,kernel32.dll,BOOL IsDBCSLeadByte(BYTE TestChar),0x00002B40,0x00004568,132999065767973931
API,FAIL,0000,kernel32.dll,BOOL IsDBCSLeadByte(BYTE TestChar),0x00002B40,0x00004568,132999065767973947
API,*,0,kernel32.dll,DWORD TlsAlloc(void),0x00002B40,0x00004568,132999065767973979
API,OK,0,kernel32.dll,DWORD TlsAlloc(void),0x00002B40,0x00004568,132999065767973995
API,*,0,kernel32.dll,"BOOL InitializeCriticalSectionAndSpinCount(LPCRITICAL_SECTION lpCriticalSection,DWORD dwSpinCount)",0x00002B40,0x00004568,132999065767974013
API,OK,0,kernel32.dll,"BOOL InitializeCriticalSectionAndSpinCount(LPCRITICAL_SECTION lpCriticalSection,DWORD dwSpinCount)",0x00002B40,0x00004568,132999065767974031
API,*,0,kernel32.dll,"BOOL InitializeCriticalSectionAndSpinCount(LPCRITICAL_SECTION lpCriticalSection,DWORD dwSpinCount)",0x00002B40,0x00004568,132999065767974048
API,OK,0,kernel32.dll,"BOOL InitializeCriticalSectionAndSpinCount(LPCRITICAL_SECTION lpCriticalSection,DWORD dwSpinCount)",0x00002B40,0x00004568,132999065767974067
API,*,0,kernel32.dll,"BOOL InitializeCriticalSectionAndSpinCount(LPCRITICAL_SECTION lpCriticalSection,DWORD dwSpinCount)",0x00002B40,0x00004568,132999065767974085
API,OK,0,kernel32.dll,"BOOL InitializeCriticalSectionAndSpinCount(LPCRITICAL_SECTION lpCriticalSection,DWORD dwSpinCount)",0x00002B40,0x00004568,132999065767974103
API,*,0,kernel32.dll,"DWORD GetEnvironmentVariableA(LPCSTR lpName,LPSTR lpBuffer,DWORD nSize)",0x00002B40,0x00004568,132999065767974123
API,OK,0,kernel32.dll,"DWORD GetEnvironmentVariableA(LPCSTR lpName,LPSTR lpBuffer,DWORD nSize)",0x00002B40,0x00004568,132999065767974231
API,*,0,kernel32.dll,"DWORD GetEnvironmentVariableA(LPCSTR lpName,LPSTR lpBuffer,DWORD nSize)",0x00002B40,0x00004568,132999065767974247
API,OK,0,kernel32.dll,"DWORD GetEnvironmentVariableA(LPCSTR lpName,LPSTR lpBuffer,DWORD nSize)",0x00002B40,0x00004568,132999065767974272
API,*,0,kernel32.dll,HANDLE GetCurrentProcess(void),0x00002B40,0x00004568,132999065767974287
API,FAIL,00CB,kernel32.dll,HANDLE GetCurrentProcess(void),0x00002B40,0x00004568,132999065767974303
API,*,0,kernel32.dll,"BOOL IsWow64Process(HANDLE hProcess,PBOOL Wow64Process)",0x00002B40,0x00004568,132999065767974318
API,OK,0,kernel32.dll,"BOOL IsWow64Process(HANDLE hProcess,PBOOL Wow64Process)",0x00002B40,0x00004568,132999065767974334
API,*,0,kernel32.dll,"DWORD GetEnvironmentVariableA(LPCSTR lpName,LPSTR lpBuffer,DWORD nSize)",0x00002B40,0x00004568,132999065767974350
API,OK,0,kernel32.dll,"DWORD GetEnvironmentVariableA(LPCSTR lpName,LPSTR lpBuffer,DWORD nSize)",0x00002B40,0x00004568,132999065767974372
API,*,0,kernel32.dll,"BOOL InitializeCriticalSectionAndSpinCount(LPCRITICAL_SECTION lpCriticalSection,DWORD dwSpinCount)",0x00002B40,0x00004568,132999065767974391
API,OK,0,kernel32.dll,"BOOL InitializeCriticalSectionAndSpinCount(LPCRITICAL_SECTION lpCriticalSection,DWORD dwSpinCount)",0x00002B40,0x00004568,132999065767974408
API,*,0,kernel32.dll,"BOOL InitializeCriticalSectionAndSpinCount(LPCRITICAL_SECTION lpCriticalSection,DWORD dwSpinCount)",0x00002B40,0x00004568,132999065767974426
API,OK,0,kernel32.dll,"BOOL InitializeCriticalSectionAndSpinCount(LPCRITICAL_SECTION lpCriticalSection,DWORD dwSpinCount)",0x00002B40,0x00004568,132999065767974445
API,*,0,kernel32.dll,"BOOL InitializeCriticalSectionAndSpinCount(LPCRITICAL_SECTION lpCriticalSection,DWORD dwSpinCount)",0x00002B40,0x00004568,132999065767974462
API,OK,0,kernel32.dll,"BOOL InitializeCriticalSectionAndSpinCount(LPCRITICAL_SECTION lpCriticalSection,DWORD dwSpinCount)",0x00002B40,0x00004568,132999065767974480
API,*,0,advapi32.dll,"LSTATUS RegOpenKeyExA(HKEY hKey,LPCSTR lpSubKey,DWORD ulOptions,REGSAM samDesired,PHKEY phkResult)",0x00002B40,0x00004568,132999065767974502
API,OK,0,advapi32.dll,"LSTATUS RegOpenKeyExA(HKEY hKey,LPCSTR lpSubKey,DWORD ulOptions,REGSAM samDesired,PHKEY phkResult)",0x00002B40,0x00004568,132999065767974623
API,*,0,kernel32.dll,void InitializeSListHead(PSLIST_HEADER ListHead),0x00002B40,0x00004568,132999065768673064
API,OK,0,kernel32.dll,void InitializeSListHead(PSLIST_HEADER ListHead),0x00002B40,0x00004568,132999065768673085
API,*,0,kernel32.dll,"BOOL InitializeCriticalSectionAndSpinCount(LPCRITICAL_SECTION lpCriticalSection,DWORD dwSpinCount)",0x00002B40,0x00004568,132999065768673187
API,OK,0,kernel32.dll,"BOOL InitializeCriticalSectionAndSpinCount(LPCRITICAL_SECTION lpCriticalSection,DWORD dwSpinCount)",0x00002B40,0x00004568,132999065768673208
API,*,0,kernel32.dll,HMODULE GetModuleHandleW(LPCWSTR lpModuleName),0x00002B40,0x00004568,132999065768673230
API,OK,0,kernel32.dll,HMODULE GetModuleHandleW(LPCWSTR lpModuleName),0x00002B40,0x00004568,132999065768673269
STR,OK,0,lpModuleName,api-ms-win-core-synch-l1-2-0.dll,0x00002B40,0x00004568,132999065768673287
API,*,0,kernel32.dll,void InitializeConditionVariable(PCONDITION_VARIABLE ConditionVariable),0x00002B40,0x00004568,132999065768673556
API,OK,0,kernel32.dll,void InitializeConditionVariable(PCONDITION_VARIABLE ConditionVariable),0x00002B40,0x00004568,132999065768673573
API,*,0,kernel32.dll,HANDLE GetCurrentThread(void),0x00002B40,0x00004568,132999065768679998
API,OK,0,kernel32.dll,HANDLE GetCurrentThread(void),0x00002B40,0x00004568,132999065768680017
API,*,0,kernel32.dll,"DWORD QueueUserAPC(PAPCFUNC pfnAPC,HANDLE hThread,ULONG_PTR dwData)",0x00002B40,0x00004568,132999065768680039
API,OK,0,kernel32.dll,"DWORD QueueUserAPC(PAPCFUNC pfnAPC,HANDLE hThread,ULONG_PTR dwData)",0x00002B40,0x00004568,132999065768680078
API,*,0,kernel32.dll,DWORD FlsAlloc(PFLS_CALLBACK_FUNCTION lpCallback),0x00002B40,0x00004568,132999065768687909
API,OK,0,kernel32.dll,DWORD FlsAlloc(PFLS_CALLBACK_FUNCTION lpCallback),0x00002B40,0x00004568,132999065768687930
API,*,0,kernel32.dll,void InitializeSListHead(PSLIST_HEADER ListHead),0x00002B40,0x00004568,132999065768690830
API,OK,0,kernel32.dll,void InitializeSListHead(PSLIST_HEADER ListHead),0x00002B40,0x00004568,132999065768690847
API,*,0,kernel32.dll,LPTOP_LEVEL_EXCEPTION_FILTER SetUnhandledExceptionFilter(LPTOP_LEVEL_EXCEPTION_FILTER lpTopLevelExceptionFilter),0x00002B40,0x00004568,132999065768690878
API,OK,0,kernel32.dll,LPTOP_LEVEL_EXCEPTION_FILTER SetUnhandledExceptionFilter(LPTOP_LEVEL_EXCEPTION_FILTER lpTopLevelExceptionFilter),0x00002B40,0x00004568,132999065768691005
API,*,0,kernel32.dll,HMODULE GetModuleHandleW(LPCWSTR lpModuleName),0x00002B40,0x00004568,132999065768706348
API,OK,0,kernel32.dll,HMODULE GetModuleHandleW(LPCWSTR lpModuleName),0x00002B40,0x00004568,132999065768706373
STR,OK,0,lpModuleName,NULL,0x00002B40,0x00004568,132999065768706392
API,*,0,kernel32.dll,LPVOID TlsGetValue(DWORD dwTlsIndex),0x00002B40,0x00004568,132999065768833853
API,FAIL,0000,kernel32.dll,LPVOID TlsGetValue(DWORD dwTlsIndex),0x00002B40,0x00004568,132999065768833880
API,*,0,kernel32.dll,BOOL TlsFree(DWORD dwTlsIndex),0x00002B40,0x00004568,132999065768833907
API,OK,0,kernel32.dll,BOOL TlsFree(DWORD dwTlsIndex),0x00002B40,0x00004568,132999065768833961
API,*,0,kernel32.dll,HMODULE GetModuleHandleW(LPCWSTR lpModuleName),0x00002B40,0x00004568,132999065768833997
API,OK,0,kernel32.dll,HMODULE GetModuleHandleW(LPCWSTR lpModuleName),0x00002B40,0x00004568,132999065768834028
STR,OK,0,lpModuleName,ntdll.dll,0x00002B40,0x00004568,132999065768834045
API,*,0,kernel32.dll,HMODULE GetModuleHandleW(LPCWSTR lpModuleName),0x00002B40,0x00004568,132999065768835110
API,OK,0,kernel32.dll,HMODULE GetModuleHandleW(LPCWSTR lpModuleName),0x00002B40,0x00004568,132999065768835133
STR,OK,0,lpModuleName,ntdll.dll,0x00002B40,0x00004568,132999065768835148
API,*,0,kernel32.dll,PVOID DecodePointer(PVOID Ptr),0x00002B40,0x00004568,132999065768837087
API,OK,0,kernel32.dll,PVOID DecodePointer(PVOID Ptr),0x00002B40,0x00004568,132999065768837105
API,*,0,kernel32.dll,PVOID DecodePointer(PVOID Ptr),0x00002B40,0x00004568,132999065768837119
API,OK,0,kernel32.dll,PVOID DecodePointer(PVOID Ptr),0x00002B40,0x00004568,132999065768837133
API,*,0,kernel32.dll,PVOID EncodePointer(PVOID Ptr),0x00002B40,0x00004568,132999065768837149
API,OK,0,kernel32.dll,PVOID EncodePointer(PVOID Ptr),0x00002B40,0x00004568,132999065768837165
API,*,0,kernel32.dll,PVOID DecodePointer(PVOID Ptr),0x00002B40,0x00004568,132999065768837179
API,OK,0,kernel32.dll,PVOID DecodePointer(PVOID Ptr),0x00002B40,0x00004568,132999065768837193
API,*,0,kernel32.dll,PVOID EncodePointer(PVOID Ptr),0x00002B40,0x00004568,132999065768837207
API,OK,0,kernel32.dll,PVOID EncodePointer(PVOID Ptr),0x00002B40,0x00004568,132999065768837220
API,*,0,kernel32.dll,PVOID DecodePointer(PVOID Ptr),0x00002B40,0x00004568,132999065768837260
API,OK,0,kernel32.dll,PVOID DecodePointer(PVOID Ptr),0x00002B40,0x00004568,132999065768837274
API,*,0,kernel32.dll,PVOID DecodePointer(PVOID Ptr),0x00002B40,0x00004568,132999065768837296
API,OK,0,kernel32.dll,PVOID DecodePointer(PVOID Ptr),0x00002B40,0x00004568,132999065768837310
API,*,0,kernel32.dll,PVOID DecodePointer(PVOID Ptr),0x00002B40,0x00004568,132999065768837324
API,OK,0,kernel32.dll,PVOID DecodePointer(PVOID Ptr),0x00002B40,0x00004568,132999065768837338
