Msg Type,Result,Error Code,ModuleName,Prototype,ProcessId,ThreadId,Time
API,*,0,kernel32.dll,void GetStartupInfoW(LPSTARTUPINFOW lpStartupInfo),0x00003E90,0x000020C0,132999067837062634
API,OK,0,kernel32.dll,void GetStartupInfoW(LPSTARTUPINFOW lpStartupInfo),0x00003E90,0x000020C0,132999067837062683
API,*,0,kernel32.dll,HANDLE GetStdHandle(DWORD nStdHandle),0x00003E90,0x000020C0,132999067837062731
API,OK,0,kernel32.dll,HANDLE GetStdHandle(DWORD nStdHandle),0x00003E90,0x000020C0,132999067837062762
API,*,0,kernel32.dll,DWORD GetFileType(HANDLE hFile),0x00003E90,0x000020C0,132999067837062779
API,OK,0,kernel32.dll,DWORD GetFileType(HANDLE hFile),0x00003E90,0x000020C0,132999067837062817
API,*,0,kernel32.dll,"BOOL InitializeCriticalSectionAndSpinCount(LPCRITICAL_SECTION lpCriticalSection,DWORD dwSpinCount)",0x00003E90,0x000020C0,132999067837062842
API,OK,0,kernel32.dll,"BOOL InitializeCriticalSectionAndSpinCount(LPCRITICAL_SECTION lpCriticalSection,DWORD dwSpinCount)",0x00003E90,0x000020C0,132999067837062864
API,*,0,kernel32.dll,HANDLE GetStdHandle(DWORD nStdHandle),0x00003E90,0x000020C0,132999067837062879
API,OK,0,kernel32.dll,HANDLE GetStdHandle(DWORD nStdHandle),0x00003E90,0x000020C0,132999067837062894
API,*,0,kernel32.dll,DWORD GetFileType(HANDLE hFile),0x00003E90,0x000020C0,132999067837062907
API,OK,0,kernel32.dll,DWORD GetFileType(HANDLE hFile),0x00003E90,0x000020C0,132999067837062926
API,*,0,kernel32.dll,"BOOL InitializeCriticalSectionAndSpinCount(LPCRITICAL_SECTION lpCriticalSection,DWORD dwSpinCount)",0x00003E90,0x000020C0,132999067837062944
API,OK,0,kernel32.dll,"BOOL InitializeCriticalSectionAndSpinCount(LPCRITICAL_SECTION lpCriticalSection,DWORD dwSpinCount)",0x00003E90,0x000020C0,132999067837062963
API,*,0,kernel32.dll,HANDLE GetStdHandle(DWORD nStdHandle),0x00003E90,0x000020C0,132999067837062977
API,OK,0,kernel32.dll,HANDLE GetStdHandle(DWORD nStdHandle),0x00003E90,0x000020C0,132999067837062992
API,*,0,kernel32.dll,DWORD GetFileType(HANDLE hFile),0x00003E90,0x000020C0,132999067837063005
API,OK,0,kernel32.dll,DWORD GetFileType(HANDLE hFile),0x00003E90,0x000020C0,132999067837063022
API,*,0,kernel32.dll,"BOOL InitializeCriticalSectionAndSpinCount(LPCRITICAL_SECTION lpCriticalSection,DWORD dwSpinCount)",0x00003E90,0x000020C0,132999067837063040
API,OK,0,kernel32.dll,"BOOL InitializeCriticalSectionAndSpinCount(LPCRITICAL_SECTION lpCriticalSection,DWORD dwSpinCount)",0x00003E90,0x000020C0,132999067837063059
API,*,0,kernel32.dll,LPWCH GetEnvironmentStringsW(void),0x00003E90,0x000020C0,132999067837063077
API,OK,0,kernel32.dll,LPWCH GetEnvironmentStringsW(void),0x00003E90,0x000020C0,132999067837063136
API,*,0,kernel32.dll,LPSTR GetCommandLineA(void),0x00003E90,0x000020C0,132999067837063277
API,OK,0,kernel32.dll,LPSTR GetCommandLineA(void),0x00003E90,0x000020C0,132999067837063311
API,*,0,kernel32.dll,LPWSTR GetCommandLineW(void),0x00003E90,0x000020C0,132999067837063329
API,OK,0,kernel32.dll,LPWSTR GetCommandLineW(void),0x00003E90,0x000020C0,132999067837063368
API,*,0,kernel32.dll,"BOOL GetCPInfo(UINT CodePage,LPCPINFO lpCPInfo)",0x00003E90,0x000020C0,132999067837063794
API,OK,0,kernel32.dll,"BOOL GetCPInfo(UINT CodePage,LPCPINFO lpCPInfo)",0x00003E90,0x000020C0,132999067837063826
API,*,0,kernel32.dll,"int MultiByteToWideChar(UINT CodePage,DWORD dwFlags,LPCCH lpMultiByteStr,int cbMultiByte,LPWSTR lpWideCharStr,int cchWideChar)",0x00003E90,0x000020C0,132999067837063856
API,OK,0,kernel32.dll,"int MultiByteToWideChar(UINT CodePage,DWORD dwFlags,LPCCH lpMultiByteStr,int cbMultiByte,LPWSTR lpWideCharStr,int cchWideChar)",0x00003E90,0x000020C0,132999067837063911
STR,OK,0,lpWideCharStr,NULL,0x00003E90,0x000020C0,132999067837063939
API,*,0,kernel32.dll,"int MultiByteToWideChar(UINT CodePage,DWORD dwFlags,LPCCH lpMultiByteStr,int cbMultiByte,LPWSTR lpWideCharStr,int cchWideChar)",0x00003E90,0x000020C0,132999067837063961
API,OK,0,kernel32.dll,"int MultiByteToWideChar(UINT CodePage,DWORD dwFlags,LPCCH lpMultiByteStr,int cbMultiByte,LPWSTR lpWideCharStr,int cchWideChar)",0x00003E90,0x000020C0,132999067837063985
STR,OK,0,lpWideCharStr,NULL,0x00003E90,0x000020C0,132999067837063999
API,*,0,kernel32.dll,"BOOL GetStringTypeW(DWORD dwInfoType,LPCWCH lpSrcStr,int cchSrc,LPWORD lpCharType)",0x00003E90,0x000020C0,132999067837064019
API,OK,0,kernel32.dll,"BOOL GetStringTypeW(DWORD dwInfoType,LPCWCH lpSrcStr,int cchSrc,LPWORD lpCharType)",0x00003E90,0x000020C0,132999067837064065
API,*,0,kernel32.dll,"int MultiByteToWideChar(UINT CodePage,DWORD dwFlags,LPCCH lpMultiByteStr,int cbMultiByte,LPWSTR lpWideCharStr,int cchWideChar)",0x00003E90,0x000020C0,132999067837064088
API,OK,0,kernel32.dll,"int MultiByteToWideChar(UINT CodePage,DWORD dwFlags,LPCCH lpMultiByteStr,int cbMultiByte,LPWSTR lpWideCharStr,int cchWideChar)",0x00003E90,0x000020C0,132999067837064110
STR,OK,0,lpWideCharStr,NULL,0x00003E90,0x000020C0,132999067837064123
API,*,0,kernel32.dll,"int MultiByteToWideChar(UINT CodePage,DWORD dwFlags,LPCCH lpMultiByteStr,int cbMultiByte,LPWSTR lpWideCharStr,int cchWideChar)",0x00003E90,0x000020C0,132999067837064143
API,OK,0,kernel32.dll,"int MultiByteToWideChar(UINT CodePage,DWORD dwFlags,LPCCH lpMultiByteStr,int cbMultiByte,LPWSTR lpWideCharStr,int cchWideChar)",0x00003E90,0x000020C0,132999067837064165
STR,OK,0,lpWideCharStr,NULL,0x00003E90,0x000020C0,132999067837064179
API,*,0,kernel32.dll,"int LCMapStringW(LCID Locale,DWORD dwMapFlags,LPCWSTR lpSrcStr,int cchSrc,LPWSTR lpDestStr,int cchDest)",0x00003E90,0x000020C0,132999067837064201
API,OK,0,kernel32.dll,"int LCMapStringW(LCID Locale,DWORD dwMapFlags,LPCWSTR lpSrcStr,int cchSrc,LPWSTR lpDestStr,int cchDest)",0x00003E90,0x000020C0,132999067837064397
STR,OK,0,lpSrcStr,NULL,0x00003E90,0x000020C0,132999067837064413
STR,OK,0,lpDestStr,NULL,0x00003E90,0x000020C0,132999067837064425
API,*,0,kernel32.dll,"int LCMapStringW(LCID Locale,DWORD dwMapFlags,LPCWSTR lpSrcStr,int cchSrc,LPWSTR lpDestStr,int cchDest)",0x00003E90,0x000020C0,132999067837064448
API,OK,0,kernel32.dll,"int LCMapStringW(LCID Locale,DWORD dwMapFlags,LPCWSTR lpSrcStr,int cchSrc,LPWSTR lpDestStr,int cchDest)",0x00003E90,0x000020C0,132999067837064496
STR,OK,0,lpSrcStr,NULL,0x00003E90,0x000020C0,132999067837064509
STR,OK,0,lpDestStr,NULL,0x00003E90,0x000020C0,132999067837064522
API,*,0,kernel32.dll,"int MultiByteToWideChar(UINT CodePage,DWORD dwFlags,LPCCH lpMultiByteStr,int cbMultiByte,LPWSTR lpWideCharStr,int cchWideChar)",0x00003E90,0x000020C0,132999067837064576
API,OK,0,kernel32.dll,"int MultiByteToWideChar(UINT CodePage,DWORD dwFlags,LPCCH lpMultiByteStr,int cbMultiByte,LPWSTR lpWideCharStr,int cchWideChar)",0x00003E90,0x000020C0,132999067837064599
STR,OK,0,lpWideCharStr,NULL,0x00003E90,0x000020C0,132999067837064613
API,*,0,kernel32.dll,"int MultiByteToWideChar(UINT CodePage,DWORD dwFlags,LPCCH lpMultiByteStr,int cbMultiByte,LPWSTR lpWideCharStr,int cchWideChar)",0x00003E90,0x000020C0,132999067837064633
API,OK,0,kernel32.dll,"int MultiByteToWideChar(UINT CodePage,DWORD dwFlags,LPCCH lpMultiByteStr,int cbMultiByte,LPWSTR lpWideCharStr,int cchWideChar)",0x00003E90,0x000020C0,132999067837064655
STR,OK,0,lpWideCharStr,NULL,0x00003E90,0x000020C0,132999067837064669
API,*,0,kernel32.dll,"int LCMapStringW(LCID Locale,DWORD dwMapFlags,LPCWSTR lpSrcStr,int cchSrc,LPWSTR lpDestStr,int cchDest)",0x00003E90,0x000020C0,132999067837064687
API,OK,0,kernel32.dll,"int LCMapStringW(LCID Locale,DWORD dwMapFlags,LPCWSTR lpSrcStr,int cchSrc,LPWSTR lpDestStr,int cchDest)",0x00003E90,0x000020C0,132999067837064707
STR,OK,0,lpSrcStr,NULL,0x00003E90,0x000020C0,132999067837064720
STR,OK,0,lpDestStr,NULL,0x00003E90,0x000020C0,132999067837064733
API,*,0,kernel32.dll,"int LCMapStringW(LCID Locale,DWORD dwMapFlags,LPCWSTR lpSrcStr,int cchSrc,LPWSTR lpDestStr,int cchDest)",0x00003E90,0x000020C0,132999067837064750
API,OK,0,kernel32.dll,"int LCMapStringW(LCID Locale,DWORD dwMapFlags,LPCWSTR lpSrcStr,int cchSrc,LPWSTR lpDestStr,int cchDest)",0x00003E90,0x000020C0,132999067837064775
STR,OK,0,lpSrcStr,NULL,0x00003E90,0x000020C0,132999067837064788
STR,OK,0,lpDestStr,NULL,0x00003E90,0x000020C0,132999067837064801
API,*,0,kernel32.dll,PVOID EncodePointer(PVOID Ptr),0x00003E90,0x000020C0,132999067837064913
API,OK,0,kernel32.dll,PVOID EncodePointer(PVOID Ptr),0x00003E90,0x000020C0,132999067837064931
API,*,0,kernel32.dll,void GetSystemTimeAsFileTime(LPFILETIME lpSystemTimeAsFileTime),0x00003E90,0x000020C0,132999067837065019
API,OK,0,kernel32.dll,void GetSystemTimeAsFileTime(LPFILETIME lpSystemTimeAsFileTime),0x00003E90,0x000020C0,132999067837065063
API,*,0,kernel32.dll,BOOL IsProcessorFeaturePresent(DWORD ProcessorFeature),0x00003E90,0x000020C0,132999067837065083
API,OK,0,kernel32.dll,BOOL IsProcessorFeaturePresent(DWORD ProcessorFeature),0x00003E90,0x000020C0,132999067837065102
API,*,0,kernel32.dll,BOOL IsProcessorFeaturePresent(DWORD ProcessorFeature),0x00003E90,0x000020C0,132999067837065118
API,OK,0,kernel32.dll,BOOL IsProcessorFeaturePresent(DWORD ProcessorFeature),0x00003E90,0x000020C0,132999067837065133
API,*,0,kernel32.dll,PVOID EncodePointer(PVOID Ptr),0x00003E90,0x000020C0,132999067837065253
API,OK,0,kernel32.dll,PVOID EncodePointer(PVOID Ptr),0x00003E90,0x000020C0,132999067837065268
API,*,0,kernel32.dll,PVOID DecodePointer(PVOID Ptr),0x00003E90,0x000020C0,132999067837065295
API,OK,0,kernel32.dll,PVOID DecodePointer(PVOID Ptr),0x00003E90,0x000020C0,132999067837065311
API,*,0,kernel32.dll,PVOID DecodePointer(PVOID Ptr),0x00003E90,0x000020C0,132999067837065325
API,OK,0,kernel32.dll,PVOID DecodePointer(PVOID Ptr),0x00003E90,0x000020C0,132999067837065338
API,*,0,kernel32.dll,PVOID EncodePointer(PVOID Ptr),0x00003E90,0x000020C0,132999067837065353
API,OK,0,kernel32.dll,PVOID EncodePointer(PVOID Ptr),0x00003E90,0x000020C0,132999067837065367
API,*,0,kernel32.dll,PVOID EncodePointer(PVOID Ptr),0x00003E90,0x000020C0,132999067837065380
API,OK,0,kernel32.dll,PVOID EncodePointer(PVOID Ptr),0x00003E90,0x000020C0,132999067837065394
API,*,0,kernel32.dll,void InitializeSListHead(PSLIST_HEADER ListHead),0x00003E90,0x000020C0,132999067837223329
API,OK,0,kernel32.dll,void InitializeSListHead(PSLIST_HEADER ListHead),0x00003E90,0x000020C0,132999067837223354
API,*,0,kernel32.dll,"BOOL InitializeCriticalSectionAndSpinCount(LPCRITICAL_SECTION lpCriticalSection,DWORD dwSpinCount)",0x00003E90,0x000020C0,132999067837223382
API,OK,0,kernel32.dll,"BOOL InitializeCriticalSectionAndSpinCount(LPCRITICAL_SECTION lpCriticalSection,DWORD dwSpinCount)",0x00003E90,0x000020C0,132999067837223402
API,*,0,kernel32.dll,HMODULE GetModuleHandleW(LPCWSTR lpModuleName),0x00003E90,0x000020C0,132999067837223421
API,OK,0,kernel32.dll,HMODULE GetModuleHandleW(LPCWSTR lpModuleName),0x00003E90,0x000020C0,132999067837223448
STR,OK,0,lpModuleName,api-ms-win-core-synch-l1-2-0.dll,0x00003E90,0x000020C0,132999067837223468
API,*,0,kernel32.dll,"BOOL InitializeCriticalSectionEx(LPCRITICAL_SECTION lpCriticalSection,DWORD dwSpinCount,DWORD Flags)",0x00003E90,0x000020C0,132999067837223777
API,OK,0,kernel32.dll,"BOOL InitializeCriticalSectionEx(LPCRITICAL_SECTION lpCriticalSection,DWORD dwSpinCount,DWORD Flags)",0x00003E90,0x000020C0,132999067837223797
API,*,0,kernel32.dll,"BOOL InitializeCriticalSectionEx(LPCRITICAL_SECTION lpCriticalSection,DWORD dwSpinCount,DWORD Flags)",0x00003E90,0x000020C0,132999067837223815
API,OK,0,kernel32.dll,"BOOL InitializeCriticalSectionEx(LPCRITICAL_SECTION lpCriticalSection,DWORD dwSpinCount,DWORD Flags)",0x00003E90,0x000020C0,132999067837223833
API,*,0,kernel32.dll,"BOOL InitializeCriticalSectionEx(LPCRITICAL_SECTION lpCriticalSection,DWORD dwSpinCount,DWORD Flags)",0x00003E90,0x000020C0,132999067837223875
API,OK,0,kernel32.dll,"BOOL InitializeCriticalSectionEx(LPCRITICAL_SECTION lpCriticalSection,DWORD dwSpinCount,DWORD Flags)",0x00003E90,0x000020C0,132999067837223894
API,*,0,kernel32.dll,HMODULE GetModuleHandleW(LPCWSTR lpModuleName),0x00003E90,0x000020C0,132999067837224641
API,OK,0,kernel32.dll,HMODULE GetModuleHandleW(LPCWSTR lpModuleName),0x00003E90,0x000020C0,132999067837224676
STR,OK,0,lpModuleName,C:\WINDOWS\system32\oleaut32.dll,0x00003E90,0x000020C0,132999067837224693
API,*,0,kernel32.dll,HANDLE GetCurrentProcess(void),0x00003E90,0x000020C0,132999067837224711
API,FAIL,0000,kernel32.dll,HANDLE GetCurrentProcess(void),0x00003E90,0x000020C0,132999067837224763
API,*,0,kernel32.dll,"BOOL IsWow64Process(HANDLE hProcess,PBOOL Wow64Process)",0x00003E90,0x000020C0,132999067837224784
API,OK,0,kernel32.dll,"BOOL IsWow64Process(HANDLE hProcess,PBOOL Wow64Process)",0x00003E90,0x000020C0,132999067837224804
API,*,0,kernel32.dll,"BOOL InitializeCriticalSectionAndSpinCount(LPCRITICAL_SECTION lpCriticalSection,DWORD dwSpinCount)",0x00003E90,0x000020C0,132999067837224835
API,OK,0,kernel32.dll,"BOOL InitializeCriticalSectionAndSpinCount(LPCRITICAL_SECTION lpCriticalSection,DWORD dwSpinCount)",0x00003E90,0x000020C0,132999067837224854
API,*,0,kernel32.dll,"BOOL InitializeCriticalSectionAndSpinCount(LPCRITICAL_SECTION lpCriticalSection,DWORD dwSpinCount)",0x00003E90,0x000020C0,132999067837224874
API,OK,0,kernel32.dll,"BOOL InitializeCriticalSectionAndSpinCount(LPCRITICAL_SECTION lpCriticalSection,DWORD dwSpinCount)",0x00003E90,0x000020C0,132999067837224892
API,*,0,kernel32.dll,"BOOL InitializeCriticalSectionAndSpinCount(LPCRITICAL_SECTION lpCriticalSection,DWORD dwSpinCount)",0x00003E90,0x000020C0,132999067837224910
API,OK,0,kernel32.dll,"BOOL InitializeCriticalSectionAndSpinCount(LPCRITICAL_SECTION lpCriticalSection,DWORD dwSpinCount)",0x00003E90,0x000020C0,132999067837224929
API,*,0,user32.dll,UINT RegisterClipboardFormatW(LPCWSTR lpszFormat),0x00003E90,0x000020C0,132999067837224979
API,OK,0,user32.dll,UINT RegisterClipboardFormatW(LPCWSTR lpszFormat),0x00003E90,0x000020C0,132999067837225033
STR,OK,0,lpszFormat,{FB8F0821-0164-101B-84ED-08002B2EC713},0x00003E90,0x000020C0,132999067837225052
API,*,0,ole32.dll,LPVOID CoTaskMemAlloc(SIZE_T cb),0x00003E90,0x000020C0,132999067837225472
API,OK,0,ole32.dll,LPVOID CoTaskMemAlloc(SIZE_T cb),0x00003E90,0x000020C0,132999067837225518
API,*,0,kernel32.dll,DWORD GetTickCount(void),0x00003E90,0x000020C0,132999067837225559
API,OK,0,kernel32.dll,DWORD GetTickCount(void),0x00003E90,0x000020C0,132999067837225574
API,*,0,ole32.dll,LPVOID CoTaskMemAlloc(SIZE_T cb),0x00003E90,0x000020C0,132999067837225591
API,OK,0,ole32.dll,LPVOID CoTaskMemAlloc(SIZE_T cb),0x00003E90,0x000020C0,132999067837225606
API,*,0,kernel32.dll,DWORD GetTickCount(void),0x00003E90,0x000020C0,132999067837225630
API,OK,0,kernel32.dll,DWORD GetTickCount(void),0x00003E90,0x000020C0,132999067837225644
API,*,0,ole32.dll,LPVOID CoTaskMemAlloc(SIZE_T cb),0x00003E90,0x000020C0,132999067837225692
API,OK,0,ole32.dll,LPVOID CoTaskMemAlloc(SIZE_T cb),0x00003E90,0x000020C0,132999067837225707
API,*,0,kernel32.dll,void InitializeSListHead(PSLIST_HEADER ListHead),0x00003E90,0x000020C0,132999067837225724
API,OK,0,kernel32.dll,void InitializeSListHead(PSLIST_HEADER ListHead),0x00003E90,0x000020C0,132999067837225739
API,*,0,kernel32.dll,void InitializeSListHead(PSLIST_HEADER ListHead),0x00003E90,0x000020C0,132999067837225754
API,OK,0,kernel32.dll,void InitializeSListHead(PSLIST_HEADER ListHead),0x00003E90,0x000020C0,132999067837225769
API,*,0,kernel32.dll,void InitializeSListHead(PSLIST_HEADER ListHead),0x00003E90,0x000020C0,132999067837225784
API,OK,0,kernel32.dll,void InitializeSListHead(PSLIST_HEADER ListHead),0x00003E90,0x000020C0,132999067837225799
API,*,0,kernel32.dll,void InitializeSListHead(PSLIST_HEADER ListHead),0x00003E90,0x000020C0,132999067837225904
API,OK,0,kernel32.dll,void InitializeSListHead(PSLIST_HEADER ListHead),0x00003E90,0x000020C0,132999067837225919
API,*,0,kernel32.dll,"BOOL InitializeCriticalSectionAndSpinCount(LPCRITICAL_SECTION lpCriticalSection,DWORD dwSpinCount)",0x00003E90,0x000020C0,132999067837225941
API,OK,0,kernel32.dll,"BOOL InitializeCriticalSectionAndSpinCount(LPCRITICAL_SECTION lpCriticalSection,DWORD dwSpinCount)",0x00003E90,0x000020C0,132999067837225959
API,*,0,kernel32.dll,HMODULE GetModuleHandleW(LPCWSTR lpModuleName),0x00003E90,0x000020C0,132999067837225974
API,OK,0,kernel32.dll,HMODULE GetModuleHandleW(LPCWSTR lpModuleName),0x00003E90,0x000020C0,132999067837225996
STR,OK,0,lpModuleName,api-ms-win-core-synch-l1-2-0.dll,0x00003E90,0x000020C0,132999067837226013
API,*,0,kernel32.dll,"BOOL InitializeCriticalSectionEx(LPCRITICAL_SECTION lpCriticalSection,DWORD dwSpinCount,DWORD Flags)",0x00003E90,0x000020C0,132999067837226280
API,OK,0,kernel32.dll,"BOOL InitializeCriticalSectionEx(LPCRITICAL_SECTION lpCriticalSection,DWORD dwSpinCount,DWORD Flags)",0x00003E90,0x000020C0,132999067837226299
API,*,0,kernel32.dll,"BOOL InitializeCriticalSectionEx(LPCRITICAL_SECTION lpCriticalSection,DWORD dwSpinCount,DWORD Flags)",0x00003E90,0x000020C0,132999067837226317
API,OK,0,kernel32.dll,"BOOL InitializeCriticalSectionEx(LPCRITICAL_SECTION lpCriticalSection,DWORD dwSpinCount,DWORD Flags)",0x00003E90,0x000020C0,132999067837226335
API,*,0,kernel32.dll,void InitOnceInitialize(PINIT_ONCE InitOnce),0x00003E90,0x000020C0,132999067837226368
API,OK,0,kernel32.dll,void InitOnceInitialize(PINIT_ONCE InitOnce),0x00003E90,0x000020C0,132999067837226384
API,*,0,kernel32.dll,void InitOnceInitialize(PINIT_ONCE InitOnce),0x00003E90,0x000020C0,132999067837226401
API,OK,0,kernel32.dll,void InitOnceInitialize(PINIT_ONCE InitOnce),0x00003E90,0x000020C0,132999067837226416
API,*,0,kernel32.dll,void InitOnceInitialize(PINIT_ONCE InitOnce),0x00003E90,0x000020C0,132999067837226432
API,OK,0,kernel32.dll,void InitOnceInitialize(PINIT_ONCE InitOnce),0x00003E90,0x000020C0,132999067837226446
API,*,0,kernel32.dll,HMODULE GetModuleHandleW(LPCWSTR lpModuleName),0x00003E90,0x000020C0,132999067837226463
API,OK,0,kernel32.dll,HMODULE GetModuleHandleW(LPCWSTR lpModuleName),0x00003E90,0x000020C0,132999067837226507
STR,OK,0,lpModuleName,ext-ms-win-ole32-oleautomation-l1-1-0.dll,0x00003E90,0x000020C0,132999067837226523
API,*,0,ole32.dll,void SetOleautModule(struct HINSTANCE__* P0),0x00003E90,0x000020C0,132999067837226821
API,OK,0,ole32.dll,void SetOleautModule(struct HINSTANCE__* P0),0x00003E90,0x000020C0,132999067837226836
API,*,0,kernel32.dll,"unsigned int GetSystemDirectoryW(wchar_t* P0,unsigned int P1)",0x00003E90,0x000020C0,132999067837226857
API,OK,0,kernel32.dll,"unsigned int GetSystemDirectoryW(wchar_t* P0,unsigned int P1)",0x00003E90,0x000020C0,132999067837226897
API,*,0,kernel32.dll,BOOL IsDBCSLeadByte(BYTE TestChar),0x00003E90,0x000020C0,132999067837226921
API,FAIL,0000,kernel32.dll,BOOL IsDBCSLeadByte(BYTE TestChar),0x00003E90,0x000020C0,132999067837226956
API,*,0,kernel32.dll,BOOL IsDBCSLeadByte(BYTE TestChar),0x00003E90,0x000020C0,132999067837226970
API,OK,0,kernel32.dll,BOOL IsDBCSLeadByte(BYTE TestChar),0x00003E90,0x000020C0,132999067837226984
API,*,0,kernel32.dll,BOOL IsDBCSLeadByte(BYTE TestChar),0x00003E90,0x000020C0,132999067837227014
API,OK,0,kernel32.dll,BOOL IsDBCSLeadByte(BYTE TestChar),0x00003E90,0x000020C0,132999067837227029
API,*,0,kernel32.dll,BOOL IsDBCSLeadByte(BYTE TestChar),0x00003E90,0x000020C0,132999067837227043
API,OK,0,kernel32.dll,BOOL IsDBCSLeadByte(BYTE TestChar),0x00003E90,0x000020C0,132999067837227057
API,*,0,kernel32.dll,BOOL IsDBCSLeadByte(BYTE TestChar),0x00003E90,0x000020C0,132999067837227071
API,OK,0,kernel32.dll,BOOL IsDBCSLeadByte(BYTE TestChar),0x00003E90,0x000020C0,132999067837227085
API,*,0,kernel32.dll,BOOL IsDBCSLeadByte(BYTE TestChar),0x00003E90,0x000020C0,132999067837227099
API,OK,0,kernel32.dll,BOOL IsDBCSLeadByte(BYTE TestChar),0x00003E90,0x000020C0,132999067837227113
API,*,0,kernel32.dll,BOOL IsDBCSLeadByte(BYTE TestChar),0x00003E90,0x000020C0,132999067837227126
API,OK,0,kernel32.dll,BOOL IsDBCSLeadByte(BYTE TestChar),0x00003E90,0x000020C0,132999067837227141
API,*,0,kernel32.dll,BOOL IsDBCSLeadByte(BYTE TestChar),0x00003E90,0x000020C0,132999067837227155
API,OK,0,kernel32.dll,BOOL IsDBCSLeadByte(BYTE TestChar),0x00003E90,0x000020C0,132999067837227169
API,*,0,kernel32.dll,BOOL IsDBCSLeadByte(BYTE TestChar),0x00003E90,0x000020C0,132999067837227183
API,OK,0,kernel32.dll,BOOL IsDBCSLeadByte(BYTE TestChar),0x00003E90,0x000020C0,132999067837227197
API,*,0,kernel32.dll,BOOL IsDBCSLeadByte(BYTE TestChar),0x00003E90,0x000020C0,132999067837227211
API,OK,0,kernel32.dll,BOOL IsDBCSLeadByte(BYTE TestChar),0x00003E90,0x000020C0,132999067837227225
API,*,0,kernel32.dll,BOOL IsDBCSLeadByte(BYTE TestChar),0x00003E90,0x000020C0,132999067837227239
API,OK,0,kernel32.dll,BOOL IsDBCSLeadByte(BYTE TestChar),0x00003E90,0x000020C0,132999067837227253
API,*,0,kernel32.dll,BOOL IsDBCSLeadByte(BYTE TestChar),0x00003E90,0x000020C0,132999067837227267
API,OK,0,kernel32.dll,BOOL IsDBCSLeadByte(BYTE TestChar),0x00003E90,0x000020C0,132999067837227281
API,*,0,kernel32.dll,BOOL IsDBCSLeadByte(BYTE TestChar),0x00003E90,0x000020C0,132999067837227295
API,OK,0,kernel32.dll,BOOL IsDBCSLeadByte(BYTE TestChar),0x00003E90,0x000020C0,132999067837227309
API,*,0,kernel32.dll,BOOL IsDBCSLeadByte(BYTE TestChar),0x00003E90,0x000020C0,132999067837227322
API,OK,0,kernel32.dll,BOOL IsDBCSLeadByte(BYTE TestChar),0x00003E90,0x000020C0,132999067837227336
API,*,0,kernel32.dll,BOOL IsDBCSLeadByte(BYTE TestChar),0x00003E90,0x000020C0,132999067837227350
API,OK,0,kernel32.dll,BOOL IsDBCSLeadByte(BYTE TestChar),0x00003E90,0x000020C0,132999067837227364
API,*,0,kernel32.dll,BOOL IsDBCSLeadByte(BYTE TestChar),0x00003E90,0x000020C0,132999067837227378
API,OK,0,kernel32.dll,BOOL IsDBCSLeadByte(BYTE TestChar),0x00003E90,0x000020C0,132999067837227392
API,*,0,kernel32.dll,BOOL IsDBCSLeadByte(BYTE TestChar),0x00003E90,0x000020C0,132999067837227406
API,OK,0,kernel32.dll,BOOL IsDBCSLeadByte(BYTE TestChar),0x00003E90,0x000020C0,132999067837227420
API,*,0,kernel32.dll,BOOL IsDBCSLeadByte(BYTE TestChar),0x00003E90,0x000020C0,132999067837227433
API,OK,0,kernel32.dll,BOOL IsDBCSLeadByte(BYTE TestChar),0x00003E90,0x000020C0,132999067837227447
API,*,0,kernel32.dll,BOOL IsDBCSLeadByte(BYTE TestChar),0x00003E90,0x000020C0,132999067837227461
API,OK,0,kernel32.dll,BOOL IsDBCSLeadByte(BYTE TestChar),0x00003E90,0x000020C0,132999067837227476
API,*,0,kernel32.dll,BOOL IsDBCSLeadByte(BYTE TestChar),0x00003E90,0x000020C0,132999067837227490
API,OK,0,kernel32.dll,BOOL IsDBCSLeadByte(BYTE TestChar),0x00003E90,0x000020C0,132999067837227504
API,*,0,kernel32.dll,BOOL IsDBCSLeadByte(BYTE TestChar),0x00003E90,0x000020C0,132999067837227518
API,OK,0,kernel32.dll,BOOL IsDBCSLeadByte(BYTE TestChar),0x00003E90,0x000020C0,132999067837227532
API,*,0,kernel32.dll,BOOL IsDBCSLeadByte(BYTE TestChar),0x00003E90,0x000020C0,132999067837227545
API,OK,0,kernel32.dll,BOOL IsDBCSLeadByte(BYTE TestChar),0x00003E90,0x000020C0,132999067837227559
API,*,0,kernel32.dll,BOOL IsDBCSLeadByte(BYTE TestChar),0x00003E90,0x000020C0,132999067837227576
API,OK,0,kernel32.dll,BOOL IsDBCSLeadByte(BYTE TestChar),0x00003E90,0x000020C0,132999067837227590
API,*,0,kernel32.dll,BOOL IsDBCSLeadByte(BYTE TestChar),0x00003E90,0x000020C0,132999067837227605
API,OK,0,kernel32.dll,BOOL IsDBCSLeadByte(BYTE TestChar),0x00003E90,0x000020C0,132999067837227619
API,*,0,kernel32.dll,BOOL IsDBCSLeadByte(BYTE TestChar),0x00003E90,0x000020C0,132999067837227632
API,OK,0,kernel32.dll,BOOL IsDBCSLeadByte(BYTE TestChar),0x00003E90,0x000020C0,132999067837227646
API,*,0,kernel32.dll,BOOL IsDBCSLeadByte(BYTE TestChar),0x00003E90,0x000020C0,132999067837227660
API,OK,0,kernel32.dll,BOOL IsDBCSLeadByte(BYTE TestChar),0x00003E90,0x000020C0,132999067837227674
API,*,0,kernel32.dll,BOOL IsDBCSLeadByte(BYTE TestChar),0x00003E90,0x000020C0,132999067837227688
API,OK,0,kernel32.dll,BOOL IsDBCSLeadByte(BYTE TestChar),0x00003E90,0x000020C0,132999067837227703
API,*,0,kernel32.dll,BOOL IsDBCSLeadByte(BYTE TestChar),0x00003E90,0x000020C0,132999067837227716
API,OK,0,kernel32.dll,BOOL IsDBCSLeadByte(BYTE TestChar),0x00003E90,0x000020C0,132999067837227730
API,*,0,kernel32.dll,BOOL IsDBCSLeadByte(BYTE TestChar),0x00003E90,0x000020C0,132999067837227744
API,OK,0,kernel32.dll,BOOL IsDBCSLeadByte(BYTE TestChar),0x00003E90,0x000020C0,132999067837227758
API,*,0,kernel32.dll,BOOL IsDBCSLeadByte(BYTE TestChar),0x00003E90,0x000020C0,132999067837227772
API,OK,0,kernel32.dll,BOOL IsDBCSLeadByte(BYTE TestChar),0x00003E90,0x000020C0,132999067837227786
API,*,0,kernel32.dll,BOOL IsDBCSLeadByte(BYTE TestChar),0x00003E90,0x000020C0,132999067837227800
API,OK,0,kernel32.dll,BOOL IsDBCSLeadByte(BYTE TestChar),0x00003E90,0x000020C0,132999067837227814
API,*,0,kernel32.dll,BOOL IsDBCSLeadByte(BYTE TestChar),0x00003E90,0x000020C0,132999067837227828
API,OK,0,kernel32.dll,BOOL IsDBCSLeadByte(BYTE TestChar),0x00003E90,0x000020C0,132999067837227842
API,*,0,kernel32.dll,BOOL IsDBCSLeadByte(BYTE TestChar),0x00003E90,0x000020C0,132999067837227856
API,OK,0,kernel32.dll,BOOL IsDBCSLeadByte(BYTE TestChar),0x00003E90,0x000020C0,132999067837227870
API,*,0,kernel32.dll,BOOL IsDBCSLeadByte(BYTE TestChar),0x00003E90,0x000020C0,132999067837227884
API,OK,0,kernel32.dll,BOOL IsDBCSLeadByte(BYTE TestChar),0x00003E90,0x000020C0,132999067837227898
API,*,0,kernel32.dll,BOOL IsDBCSLeadByte(BYTE TestChar),0x00003E90,0x000020C0,132999067837227911
API,OK,0,kernel32.dll,BOOL IsDBCSLeadByte(BYTE TestChar),0x00003E90,0x000020C0,132999067837227926
API,*,0,kernel32.dll,BOOL IsDBCSLeadByte(BYTE TestChar),0x00003E90,0x000020C0,132999067837227940
API,OK,0,kernel32.dll,BOOL IsDBCSLeadByte(BYTE TestChar),0x00003E90,0x000020C0,132999067837227954
API,*,0,kernel32.dll,BOOL IsDBCSLeadByte(BYTE TestChar),0x00003E90,0x000020C0,132999067837227968
API,OK,0,kernel32.dll,BOOL IsDBCSLeadByte(BYTE TestChar),0x00003E90,0x000020C0,132999067837227981
API,*,0,kernel32.dll,BOOL IsDBCSLeadByte(BYTE TestChar),0x00003E90,0x000020C0,132999067837227995
API,OK,0,kernel32.dll,BOOL IsDBCSLeadByte(BYTE TestChar),0x00003E90,0x000020C0,132999067837228009
API,*,0,kernel32.dll,BOOL IsDBCSLeadByte(BYTE TestChar),0x00003E90,0x000020C0,132999067837228023
API,OK,0,kernel32.dll,BOOL IsDBCSLeadByte(BYTE TestChar),0x00003E90,0x000020C0,132999067837228037
API,*,0,kernel32.dll,BOOL IsDBCSLeadByte(BYTE TestChar),0x00003E90,0x000020C0,132999067837228051
API,OK,0,kernel32.dll,BOOL IsDBCSLeadByte(BYTE TestChar),0x00003E90,0x000020C0,132999067837228066
API,*,0,kernel32.dll,BOOL IsDBCSLeadByte(BYTE TestChar),0x00003E90,0x000020C0,132999067837228080
API,OK,0,kernel32.dll,BOOL IsDBCSLeadByte(BYTE TestChar),0x00003E90,0x000020C0,132999067837228094
API,*,0,kernel32.dll,BOOL IsDBCSLeadByte(BYTE TestChar),0x00003E90,0x000020C0,132999067837228108
API,OK,0,kernel32.dll,BOOL IsDBCSLeadByte(BYTE TestChar),0x00003E90,0x000020C0,132999067837228121
API,*,0,kernel32.dll,BOOL IsDBCSLeadByte(BYTE TestChar),0x00003E90,0x000020C0,132999067837228135
API,OK,0,kernel32.dll,BOOL IsDBCSLeadByte(BYTE TestChar),0x00003E90,0x000020C0,132999067837228150
API,*,0,kernel32.dll,BOOL IsDBCSLeadByte(BYTE TestChar),0x00003E90,0x000020C0,132999067837228164
API,OK,0,kernel32.dll,BOOL IsDBCSLeadByte(BYTE TestChar),0x00003E90,0x000020C0,132999067837228178
API,*,0,kernel32.dll,BOOL IsDBCSLeadByte(BYTE TestChar),0x00003E90,0x000020C0,132999067837228192
API,OK,0,kernel32.dll,BOOL IsDBCSLeadByte(BYTE TestChar),0x00003E90,0x000020C0,132999067837228206
API,*,0,kernel32.dll,BOOL IsDBCSLeadByte(BYTE TestChar),0x00003E90,0x000020C0,132999067837228220
API,OK,0,kernel32.dll,BOOL IsDBCSLeadByte(BYTE TestChar),0x00003E90,0x000020C0,132999067837228233
API,*,0,kernel32.dll,BOOL IsDBCSLeadByte(BYTE TestChar),0x00003E90,0x000020C0,132999067837228247
API,OK,0,kernel32.dll,BOOL IsDBCSLeadByte(BYTE TestChar),0x00003E90,0x000020C0,132999067837228262
API,*,0,kernel32.dll,BOOL IsDBCSLeadByte(BYTE TestChar),0x00003E90,0x000020C0,132999067837228276
API,OK,0,kernel32.dll,BOOL IsDBCSLeadByte(BYTE TestChar),0x00003E90,0x000020C0,132999067837228289
API,*,0,kernel32.dll,BOOL IsDBCSLeadByte(BYTE TestChar),0x00003E90,0x000020C0,132999067837228303
API,OK,0,kernel32.dll,BOOL IsDBCSLeadByte(BYTE TestChar),0x00003E90,0x000020C0,132999067837228317
API,*,0,kernel32.dll,BOOL IsDBCSLeadByte(BYTE TestChar),0x00003E90,0x000020C0,132999067837228331
API,OK,0,kernel32.dll,BOOL IsDBCSLeadByte(BYTE TestChar),0x00003E90,0x000020C0,132999067837228345
API,*,0,kernel32.dll,BOOL IsDBCSLeadByte(BYTE TestChar),0x00003E90,0x000020C0,132999067837228358
API,OK,0,kernel32.dll,BOOL IsDBCSLeadByte(BYTE TestChar),0x00003E90,0x000020C0,132999067837228373
API,*,0,kernel32.dll,BOOL IsDBCSLeadByte(BYTE TestChar),0x00003E90,0x000020C0,132999067837228387
API,OK,0,kernel32.dll,BOOL IsDBCSLeadByte(BYTE TestChar),0x00003E90,0x000020C0,132999067837228401
API,*,0,kernel32.dll,BOOL IsDBCSLeadByte(BYTE TestChar),0x00003E90,0x000020C0,132999067837228418
API,OK,0,kernel32.dll,BOOL IsDBCSLeadByte(BYTE TestChar),0x00003E90,0x000020C0,132999067837228432
API,*,0,kernel32.dll,BOOL IsDBCSLeadByte(BYTE TestChar),0x00003E90,0x000020C0,132999067837228446
API,OK,0,kernel32.dll,BOOL IsDBCSLeadByte(BYTE TestChar),0x00003E90,0x000020C0,132999067837228460
API,*,0,kernel32.dll,BOOL IsDBCSLeadByte(BYTE TestChar),0x00003E90,0x000020C0,132999067837228474
API,OK,0,kernel32.dll,BOOL IsDBCSLeadByte(BYTE TestChar),0x00003E90,0x000020C0,132999067837228488
API,*,0,kernel32.dll,BOOL IsDBCSLeadByte(BYTE TestChar),0x00003E90,0x000020C0,132999067837228502
API,OK,0,kernel32.dll,BOOL IsDBCSLeadByte(BYTE TestChar),0x00003E90,0x000020C0,132999067837228516
API,*,0,kernel32.dll,BOOL IsDBCSLeadByte(BYTE TestChar),0x00003E90,0x000020C0,132999067837228530
API,OK,0,kernel32.dll,BOOL IsDBCSLeadByte(BYTE TestChar),0x00003E90,0x000020C0,132999067837228544
API,*,0,kernel32.dll,BOOL IsDBCSLeadByte(BYTE TestChar),0x00003E90,0x000020C0,132999067837228557
API,OK,0,kernel32.dll,BOOL IsDBCSLeadByte(BYTE TestChar),0x00003E90,0x000020C0,132999067837228571
API,*,0,kernel32.dll,BOOL IsDBCSLeadByte(BYTE TestChar),0x00003E90,0x000020C0,132999067837228585
API,OK,0,kernel32.dll,BOOL IsDBCSLeadByte(BYTE TestChar),0x00003E90,0x000020C0,132999067837228599
API,*,0,kernel32.dll,BOOL IsDBCSLeadByte(BYTE TestChar),0x00003E90,0x000020C0,132999067837228613
API,OK,0,kernel32.dll,BOOL IsDBCSLeadByte(BYTE TestChar),0x00003E90,0x000020C0,132999067837228627
API,*,0,kernel32.dll,BOOL IsDBCSLeadByte(BYTE TestChar),0x00003E90,0x000020C0,132999067837228641
API,OK,0,kernel32.dll,BOOL IsDBCSLeadByte(BYTE TestChar),0x00003E90,0x000020C0,132999067837228655
API,*,0,kernel32.dll,BOOL IsDBCSLeadByte(BYTE TestChar),0x00003E90,0x000020C0,132999067837228669
API,OK,0,kernel32.dll,BOOL IsDBCSLeadByte(BYTE TestChar),0x00003E90,0x000020C0,132999067837228683
API,*,0,kernel32.dll,BOOL IsDBCSLeadByte(BYTE TestChar),0x00003E90,0x000020C0,132999067837228697
API,OK,0,kernel32.dll,BOOL IsDBCSLeadByte(BYTE TestChar),0x00003E90,0x000020C0,132999067837228711
API,*,0,kernel32.dll,BOOL IsDBCSLeadByte(BYTE TestChar),0x00003E90,0x000020C0,132999067837228725
API,OK,0,kernel32.dll,BOOL IsDBCSLeadByte(BYTE TestChar),0x00003E90,0x000020C0,132999067837228739
API,*,0,kernel32.dll,BOOL IsDBCSLeadByte(BYTE TestChar),0x00003E90,0x000020C0,132999067837228753
API,OK,0,kernel32.dll,BOOL IsDBCSLeadByte(BYTE TestChar),0x00003E90,0x000020C0,132999067837228767
API,*,0,kernel32.dll,BOOL IsDBCSLeadByte(BYTE TestChar),0x00003E90,0x000020C0,132999067837228781
API,OK,0,kernel32.dll,BOOL IsDBCSLeadByte(BYTE TestChar),0x00003E90,0x000020C0,132999067837228794
API,*,0,kernel32.dll,BOOL IsDBCSLeadByte(BYTE TestChar),0x00003E90,0x000020C0,132999067837228808
API,OK,0,kernel32.dll,BOOL IsDBCSLeadByte(BYTE TestChar),0x00003E90,0x000020C0,132999067837228823
API,*,0,kernel32.dll,BOOL IsDBCSLeadByte(BYTE TestChar),0x00003E90,0x000020C0,132999067837228837
API,OK,0,kernel32.dll,BOOL IsDBCSLeadByte(BYTE TestChar),0x00003E90,0x000020C0,132999067837228851
API,*,0,kernel32.dll,BOOL IsDBCSLeadByte(BYTE TestChar),0x00003E90,0x000020C0,132999067837228865
API,OK,0,kernel32.dll,BOOL IsDBCSLeadByte(BYTE TestChar),0x00003E90,0x000020C0,132999067837228879
API,*,0,kernel32.dll,BOOL IsDBCSLeadByte(BYTE TestChar),0x00003E90,0x000020C0,132999067837228892
API,OK,0,kernel32.dll,BOOL IsDBCSLeadByte(BYTE TestChar),0x00003E90,0x000020C0,132999067837228906
API,*,0,kernel32.dll,BOOL IsDBCSLeadByte(BYTE TestChar),0x00003E90,0x000020C0,132999067837228945
API,OK,0,kernel32.dll,BOOL IsDBCSLeadByte(BYTE TestChar),0x00003E90,0x000020C0,132999067837228961
API,*,0,kernel32.dll,BOOL IsDBCSLeadByte(BYTE TestChar),0x00003E90,0x000020C0,132999067837228975
API,OK,0,kernel32.dll,BOOL IsDBCSLeadByte(BYTE TestChar),0x00003E90,0x000020C0,132999067837228989
API,*,0,kernel32.dll,BOOL IsDBCSLeadByte(BYTE TestChar),0x00003E90,0x000020C0,132999067837229003
API,OK,0,kernel32.dll,BOOL IsDBCSLeadByte(BYTE TestChar),0x00003E90,0x000020C0,132999067837229017
API,*,0,kernel32.dll,BOOL IsDBCSLeadByte(BYTE TestChar),0x00003E90,0x000020C0,132999067837229031
API,OK,0,kernel32.dll,BOOL IsDBCSLeadByte(BYTE TestChar),0x00003E90,0x000020C0,132999067837229045
API,*,0,kernel32.dll,BOOL IsDBCSLeadByte(BYTE TestChar),0x00003E90,0x000020C0,132999067837229059
API,OK,0,kernel32.dll,BOOL IsDBCSLeadByte(BYTE TestChar),0x00003E90,0x000020C0,132999067837229073
API,*,0,kernel32.dll,BOOL IsDBCSLeadByte(BYTE TestChar),0x00003E90,0x000020C0,132999067837229087
API,OK,0,kernel32.dll,BOOL IsDBCSLeadByte(BYTE TestChar),0x00003E90,0x000020C0,132999067837229101
API,*,0,kernel32.dll,BOOL IsDBCSLeadByte(BYTE TestChar),0x00003E90,0x000020C0,132999067837229115
API,OK,0,kernel32.dll,BOOL IsDBCSLeadByte(BYTE TestChar),0x00003E90,0x000020C0,132999067837229129
API,*,0,kernel32.dll,BOOL IsDBCSLeadByte(BYTE TestChar),0x00003E90,0x000020C0,132999067837229143
API,OK,0,kernel32.dll,BOOL IsDBCSLeadByte(BYTE TestChar),0x00003E90,0x000020C0,132999067837229157
API,*,0,kernel32.dll,BOOL IsDBCSLeadByte(BYTE TestChar),0x00003E90,0x000020C0,132999067837229170
API,OK,0,kernel32.dll,BOOL IsDBCSLeadByte(BYTE TestChar),0x00003E90,0x000020C0,132999067837229185
API,*,0,kernel32.dll,BOOL IsDBCSLeadByte(BYTE TestChar),0x00003E90,0x000020C0,132999067837229199
API,OK,0,kernel32.dll,BOOL IsDBCSLeadByte(BYTE TestChar),0x00003E90,0x000020C0,132999067837229213
API,*,0,kernel32.dll,BOOL IsDBCSLeadByte(BYTE TestChar),0x00003E90,0x000020C0,132999067837229227
API,OK,0,kernel32.dll,BOOL IsDBCSLeadByte(BYTE TestChar),0x00003E90,0x000020C0,132999067837229241
API,*,0,kernel32.dll,BOOL IsDBCSLeadByte(BYTE TestChar),0x00003E90,0x000020C0,132999067837229254
API,OK,0,kernel32.dll,BOOL IsDBCSLeadByte(BYTE TestChar),0x00003E90,0x000020C0,132999067837229268
API,*,0,kernel32.dll,BOOL IsDBCSLeadByte(BYTE TestChar),0x00003E90,0x000020C0,132999067837229282
API,OK,0,kernel32.dll,BOOL IsDBCSLeadByte(BYTE TestChar),0x00003E90,0x000020C0,132999067837229296
API,*,0,kernel32.dll,BOOL IsDBCSLeadByte(BYTE TestChar),0x00003E90,0x000020C0,132999067837229310
API,OK,0,kernel32.dll,BOOL IsDBCSLeadByte(BYTE TestChar),0x00003E90,0x000020C0,132999067837229324
API,*,0,kernel32.dll,BOOL IsDBCSLeadByte(BYTE TestChar),0x00003E90,0x000020C0,132999067837229338
API,OK,0,kernel32.dll,BOOL IsDBCSLeadByte(BYTE TestChar),0x00003E90,0x000020C0,132999067837229352
API,*,0,kernel32.dll,BOOL IsDBCSLeadByte(BYTE TestChar),0x00003E90,0x000020C0,132999067837229366
API,OK,0,kernel32.dll,BOOL IsDBCSLeadByte(BYTE TestChar),0x00003E90,0x000020C0,132999067837229380
API,*,0,kernel32.dll,BOOL IsDBCSLeadByte(BYTE TestChar),0x00003E90,0x000020C0,132999067837229393
API,OK,0,kernel32.dll,BOOL IsDBCSLeadByte(BYTE TestChar),0x00003E90,0x000020C0,132999067837229408
API,*,0,kernel32.dll,BOOL IsDBCSLeadByte(BYTE TestChar),0x00003E90,0x000020C0,132999067837229422
API,OK,0,kernel32.dll,BOOL IsDBCSLeadByte(BYTE TestChar),0x00003E90,0x000020C0,132999067837229436
API,*,0,kernel32.dll,BOOL IsDBCSLeadByte(BYTE TestChar),0x00003E90,0x000020C0,132999067837229450
API,OK,0,kernel32.dll,BOOL IsDBCSLeadByte(BYTE TestChar),0x00003E90,0x000020C0,132999067837229464
API,*,0,kernel32.dll,BOOL IsDBCSLeadByte(BYTE TestChar),0x00003E90,0x000020C0,132999067837229478
API,OK,0,kernel32.dll,BOOL IsDBCSLeadByte(BYTE TestChar),0x00003E90,0x000020C0,132999067837229492
API,*,0,kernel32.dll,BOOL IsDBCSLeadByte(BYTE TestChar),0x00003E90,0x000020C0,132999067837229505
API,OK,0,kernel32.dll,BOOL IsDBCSLeadByte(BYTE TestChar),0x00003E90,0x000020C0,132999067837229520
API,*,0,kernel32.dll,BOOL IsDBCSLeadByte(BYTE TestChar),0x00003E90,0x000020C0,132999067837229534
API,OK,0,kernel32.dll,BOOL IsDBCSLeadByte(BYTE TestChar),0x00003E90,0x000020C0,132999067837229548
API,*,0,kernel32.dll,BOOL IsDBCSLeadByte(BYTE TestChar),0x00003E90,0x000020C0,132999067837229561
API,OK,0,kernel32.dll,BOOL IsDBCSLeadByte(BYTE TestChar),0x00003E90,0x000020C0,132999067837229575
API,*,0,kernel32.dll,BOOL IsDBCSLeadByte(BYTE TestChar),0x00003E90,0x000020C0,132999067837229589
API,OK,0,kernel32.dll,BOOL IsDBCSLeadByte(BYTE TestChar),0x00003E90,0x000020C0,132999067837229603
API,*,0,kernel32.dll,BOOL IsDBCSLeadByte(BYTE TestChar),0x00003E90,0x000020C0,132999067837229617
API,OK,0,kernel32.dll,BOOL IsDBCSLeadByte(BYTE TestChar),0x00003E90,0x000020C0,132999067837229632
API,*,0,kernel32.dll,BOOL IsDBCSLeadByte(BYTE TestChar),0x00003E90,0x000020C0,132999067837229646
API,OK,0,kernel32.dll,BOOL IsDBCSLeadByte(BYTE TestChar),0x00003E90,0x000020C0,132999067837229660
API,*,0,kernel32.dll,BOOL IsDBCSLeadByte(BYTE TestChar),0x00003E90,0x000020C0,132999067837229674
API,OK,0,kernel32.dll,BOOL IsDBCSLeadByte(BYTE TestChar),0x00003E90,0x000020C0,132999067837229688
API,*,0,kernel32.dll,BOOL IsDBCSLeadByte(BYTE TestChar),0x00003E90,0x000020C0,132999067837229701
API,OK,0,kernel32.dll,BOOL IsDBCSLeadByte(BYTE TestChar),0x00003E90,0x000020C0,132999067837229715
API,*,0,kernel32.dll,BOOL IsDBCSLeadByte(BYTE TestChar),0x00003E90,0x000020C0,132999067837229729
API,OK,0,kernel32.dll,BOOL IsDBCSLeadByte(BYTE TestChar),0x00003E90,0x000020C0,132999067837229744
API,*,0,kernel32.dll,BOOL IsDBCSLeadByte(BYTE TestChar),0x00003E90,0x000020C0,132999067837229757
API,OK,0,kernel32.dll,BOOL IsDBCSLeadByte(BYTE TestChar),0x00003E90,0x000020C0,132999067837229771
API,*,0,kernel32.dll,BOOL IsDBCSLeadByte(BYTE TestChar),0x00003E90,0x000020C0,132999067837229785
API,OK,0,kernel32.dll,BOOL IsDBCSLeadByte(BYTE TestChar),0x00003E90,0x000020C0,132999067837229799
API,*,0,kernel32.dll,BOOL IsDBCSLeadByte(BYTE TestChar),0x00003E90,0x000020C0,132999067837229813
API,OK,0,kernel32.dll,BOOL IsDBCSLeadByte(BYTE TestChar),0x00003E90,0x000020C0,132999067837229827
API,*,0,kernel32.dll,BOOL IsDBCSLeadByte(BYTE TestChar),0x00003E90,0x000020C0,132999067837229840
API,OK,0,kernel32.dll,BOOL IsDBCSLeadByte(BYTE TestChar),0x00003E90,0x000020C0,132999067837229855
API,*,0,kernel32.dll,BOOL IsDBCSLeadByte(BYTE TestChar),0x00003E90,0x000020C0,132999067837229869
API,OK,0,kernel32.dll,BOOL IsDBCSLeadByte(BYTE TestChar),0x00003E90,0x000020C0,132999067837229883
API,*,0,kernel32.dll,BOOL IsDBCSLeadByte(BYTE TestChar),0x00003E90,0x000020C0,132999067837229897
API,OK,0,kernel32.dll,BOOL IsDBCSLeadByte(BYTE TestChar),0x00003E90,0x000020C0,132999067837229911
API,*,0,kernel32.dll,BOOL IsDBCSLeadByte(BYTE TestChar),0x00003E90,0x000020C0,132999067837229924
API,OK,0,kernel32.dll,BOOL IsDBCSLeadByte(BYTE TestChar),0x00003E90,0x000020C0,132999067837229938
API,*,0,kernel32.dll,BOOL IsDBCSLeadByte(BYTE TestChar),0x00003E90,0x000020C0,132999067837229952
API,OK,0,kernel32.dll,BOOL IsDBCSLeadByte(BYTE TestChar),0x00003E90,0x000020C0,132999067837229967
API,*,0,kernel32.dll,BOOL IsDBCSLeadByte(BYTE TestChar),0x00003E90,0x000020C0,132999067837229983
API,OK,0,kernel32.dll,BOOL IsDBCSLeadByte(BYTE TestChar),0x00003E90,0x000020C0,132999067837229997
API,*,0,kernel32.dll,BOOL IsDBCSLeadByte(BYTE TestChar),0x00003E90,0x000020C0,132999067837230011
API,OK,0,kernel32.dll,BOOL IsDBCSLeadByte(BYTE TestChar),0x00003E90,0x000020C0,132999067837230025
API,*,0,kernel32.dll,BOOL IsDBCSLeadByte(BYTE TestChar),0x00003E90,0x000020C0,132999067837230038
API,OK,0,kernel32.dll,BOOL IsDBCSLeadByte(BYTE TestChar),0x00003E90,0x000020C0,132999067837230052
API,*,0,kernel32.dll,BOOL IsDBCSLeadByte(BYTE TestChar),0x00003E90,0x000020C0,132999067837230066
API,OK,0,kernel32.dll,BOOL IsDBCSLeadByte(BYTE TestChar),0x00003E90,0x000020C0,132999067837230080
API,*,0,kernel32.dll,BOOL IsDBCSLeadByte(BYTE TestChar),0x00003E90,0x000020C0,132999067837230094
API,OK,0,kernel32.dll,BOOL IsDBCSLeadByte(BYTE TestChar),0x00003E90,0x000020C0,132999067837230108
API,*,0,kernel32.dll,BOOL IsDBCSLeadByte(BYTE TestChar),0x00003E90,0x000020C0,132999067837230122
API,OK,0,kernel32.dll,BOOL IsDBCSLeadByte(BYTE TestChar),0x00003E90,0x000020C0,132999067837230136
API,*,0,kernel32.dll,BOOL IsDBCSLeadByte(BYTE TestChar),0x00003E90,0x000020C0,132999067837230149
API,OK,0,kernel32.dll,BOOL IsDBCSLeadByte(BYTE TestChar),0x00003E90,0x000020C0,132999067837230163
API,*,0,kernel32.dll,BOOL IsDBCSLeadByte(BYTE TestChar),0x00003E90,0x000020C0,132999067837230177
API,OK,0,kernel32.dll,BOOL IsDBCSLeadByte(BYTE TestChar),0x00003E90,0x000020C0,132999067837230191
API,*,0,kernel32.dll,BOOL IsDBCSLeadByte(BYTE TestChar),0x00003E90,0x000020C0,132999067837230205
API,OK,0,kernel32.dll,BOOL IsDBCSLeadByte(BYTE TestChar),0x00003E90,0x000020C0,132999067837230219
API,*,0,kernel32.dll,BOOL IsDBCSLeadByte(BYTE TestChar),0x00003E90,0x000020C0,132999067837230233
API,OK,0,kernel32.dll,BOOL IsDBCSLeadByte(BYTE TestChar),0x00003E90,0x000020C0,132999067837230247
API,*,0,kernel32.dll,BOOL IsDBCSLeadByte(BYTE TestChar),0x00003E90,0x000020C0,132999067837230261
API,OK,0,kernel32.dll,BOOL IsDBCSLeadByte(BYTE TestChar),0x00003E90,0x000020C0,132999067837230275
API,*,0,kernel32.dll,BOOL IsDBCSLeadByte(BYTE TestChar),0x00003E90,0x000020C0,132999067837230289
API,OK,0,kernel32.dll,BOOL IsDBCSLeadByte(BYTE TestChar),0x00003E90,0x000020C0,132999067837230303
API,*,0,kernel32.dll,BOOL IsDBCSLeadByte(BYTE TestChar),0x00003E90,0x000020C0,132999067837230317
API,OK,0,kernel32.dll,BOOL IsDBCSLeadByte(BYTE TestChar),0x00003E90,0x000020C0,132999067837230331
API,*,0,kernel32.dll,BOOL IsDBCSLeadByte(BYTE TestChar),0x00003E90,0x000020C0,132999067837230345
API,OK,0,kernel32.dll,BOOL IsDBCSLeadByte(BYTE TestChar),0x00003E90,0x000020C0,132999067837230359
API,*,0,kernel32.dll,BOOL IsDBCSLeadByte(BYTE TestChar),0x00003E90,0x000020C0,132999067837230373
API,OK,0,kernel32.dll,BOOL IsDBCSLeadByte(BYTE TestChar),0x00003E90,0x000020C0,132999067837230387
API,*,0,kernel32.dll,BOOL IsDBCSLeadByte(BYTE TestChar),0x00003E90,0x000020C0,132999067837230401
API,OK,0,kernel32.dll,BOOL IsDBCSLeadByte(BYTE TestChar),0x00003E90,0x000020C0,132999067837230416
API,*,0,kernel32.dll,BOOL IsDBCSLeadByte(BYTE TestChar),0x00003E90,0x000020C0,132999067837230430
API,OK,0,kernel32.dll,BOOL IsDBCSLeadByte(BYTE TestChar),0x00003E90,0x000020C0,132999067837230444
API,*,0,kernel32.dll,BOOL IsDBCSLeadByte(BYTE TestChar),0x00003E90,0x000020C0,132999067837230458
API,OK,0,kernel32.dll,BOOL IsDBCSLeadByte(BYTE TestChar),0x00003E90,0x000020C0,132999067837230471
API,*,0,kernel32.dll,BOOL IsDBCSLeadByte(BYTE TestChar),0x00003E90,0x000020C0,132999067837230485
API,OK,0,kernel32.dll,BOOL IsDBCSLeadByte(BYTE TestChar),0x00003E90,0x000020C0,132999067837230499
API,*,0,kernel32.dll,BOOL IsDBCSLeadByte(BYTE TestChar),0x00003E90,0x000020C0,132999067837230513
API,OK,0,kernel32.dll,BOOL IsDBCSLeadByte(BYTE TestChar),0x00003E90,0x000020C0,132999067837230527
API,*,0,kernel32.dll,BOOL IsDBCSLeadByte(BYTE TestChar),0x00003E90,0x000020C0,132999067837230541
API,FAIL,0000,kernel32.dll,BOOL IsDBCSLeadByte(BYTE TestChar),0x00003E90,0x000020C0,132999067837230557
API,*,0,kernel32.dll,DWORD TlsAlloc(void),0x00003E90,0x000020C0,132999067837230591
API,OK,0,kernel32.dll,DWORD TlsAlloc(void),0x00003E90,0x000020C0,132999067837230608
API,*,0,kernel32.dll,"BOOL InitializeCriticalSectionAndSpinCount(LPCRITICAL_SECTION lpCriticalSection,DWORD dwSpinCount)",0x00003E90,0x000020C0,132999067837230626
API,OK,0,kernel32.dll,"BOOL InitializeCriticalSectionAndSpinCount(LPCRITICAL_SECTION lpCriticalSection,DWORD dwSpinCount)",0x00003E90,0x000020C0,132999067837230644
API,*,0,kernel32.dll,"BOOL InitializeCriticalSectionAndSpinCount(LPCRITICAL_SECTION lpCriticalSection,DWORD dwSpinCount)",0x00003E90,0x000020C0,132999067837230662
API,OK,0,kernel32.dll,"BOOL InitializeCriticalSectionAndSpinCount(LPCRITICAL_SECTION lpCriticalSection,DWORD dwSpinCount)",0x00003E90,0x000020C0,132999067837230679
API,*,0,kernel32.dll,"BOOL InitializeCriticalSectionAndSpinCount(LPCRITICAL_SECTION lpCriticalSection,DWORD dwSpinCount)",0x00003E90,0x000020C0,132999067837230697
API,OK,0,kernel32.dll,"BOOL InitializeCriticalSectionAndSpinCount(LPCRITICAL_SECTION lpCriticalSection,DWORD dwSpinCount)",0x00003E90,0x000020C0,132999067837230715
API,*,0,kernel32.dll,"DWORD GetEnvironmentVariableA(LPCSTR lpName,LPSTR lpBuffer,DWORD nSize)",0x00003E90,0x000020C0,132999067837230735
API,OK,0,kernel32.dll,"DWORD GetEnvironmentVariableA(LPCSTR lpName,LPSTR lpBuffer,DWORD nSize)",0x00003E90,0x000020C0,132999067837230843
API,*,0,kernel32.dll,"DWORD GetEnvironmentVariableA(LPCSTR lpName,LPSTR lpBuffer,DWORD nSize)",0x00003E90,0x000020C0,132999067837230860
API,OK,0,kernel32.dll,"DWORD GetEnvironmentVariableA(LPCSTR lpName,LPSTR lpBuffer,DWORD nSize)",0x00003E90,0x000020C0,132999067837230884
API,*,0,kernel32.dll,HANDLE GetCurrentProcess(void),0x00003E90,0x000020C0,132999067837230899
API,FAIL,00CB,kernel32.dll,HANDLE GetCurrentProcess(void),0x00003E90,0x000020C0,132999067837230916
API,*,0,kernel32.dll,"BOOL IsWow64Process(HANDLE hProcess,PBOOL Wow64Process)",0x00003E90,0x000020C0,132999067837230931
API,OK,0,kernel32.dll,"BOOL IsWow64Process(HANDLE hProcess,PBOOL Wow64Process)",0x00003E90,0x000020C0,132999067837230947
API,*,0,kernel32.dll,"DWORD GetEnvironmentVariableA(LPCSTR lpName,LPSTR lpBuffer,DWORD nSize)",0x00003E90,0x000020C0,132999067837230963
API,OK,0,kernel32.dll,"DWORD GetEnvironmentVariableA(LPCSTR lpName,LPSTR lpBuffer,DWORD nSize)",0x00003E90,0x000020C0,132999067837230985
API,*,0,kernel32.dll,"BOOL InitializeCriticalSectionAndSpinCount(LPCRITICAL_SECTION lpCriticalSection,DWORD dwSpinCount)",0x00003E90,0x000020C0,132999067837231003
API,OK,0,kernel32.dll,"BOOL InitializeCriticalSectionAndSpinCount(LPCRITICAL_SECTION lpCriticalSection,DWORD dwSpinCount)",0x00003E90,0x000020C0,132999067837231022
API,*,0,kernel32.dll,"BOOL InitializeCriticalSectionAndSpinCount(LPCRITICAL_SECTION lpCriticalSection,DWORD dwSpinCount)",0x00003E90,0x000020C0,132999067837231039
API,OK,0,kernel32.dll,"BOOL InitializeCriticalSectionAndSpinCount(LPCRITICAL_SECTION lpCriticalSection,DWORD dwSpinCount)",0x00003E90,0x000020C0,132999067837231057
API,*,0,kernel32.dll,"BOOL InitializeCriticalSectionAndSpinCount(LPCRITICAL_SECTION lpCriticalSection,DWORD dwSpinCount)",0x00003E90,0x000020C0,132999067837231075
API,OK,0,kernel32.dll,"BOOL InitializeCriticalSectionAndSpinCount(LPCRITICAL_SECTION lpCriticalSection,DWORD dwSpinCount)",0x00003E90,0x000020C0,132999067837231092
API,*,0,advapi32.dll,"LSTATUS RegOpenKeyExA(HKEY hKey,LPCSTR lpSubKey,DWORD ulOptions,REGSAM samDesired,PHKEY phkResult)",0x00003E90,0x000020C0,132999067837231114
API,OK,0,advapi32.dll,"LSTATUS RegOpenKeyExA(HKEY hKey,LPCSTR lpSubKey,DWORD ulOptions,REGSAM samDesired,PHKEY phkResult)",0x00003E90,0x000020C0,132999067837231230
API,*,0,kernel32.dll,void InitializeSListHead(PSLIST_HEADER ListHead),0x00003E90,0x000020C0,132999067837950136
API,OK,0,kernel32.dll,void InitializeSListHead(PSLIST_HEADER ListHead),0x00003E90,0x000020C0,132999067837950157
API,*,0,kernel32.dll,"BOOL InitializeCriticalSectionAndSpinCount(LPCRITICAL_SECTION lpCriticalSection,DWORD dwSpinCount)",0x00003E90,0x000020C0,132999067837950257
API,OK,0,kernel32.dll,"BOOL InitializeCriticalSectionAndSpinCount(LPCRITICAL_SECTION lpCriticalSection,DWORD dwSpinCount)",0x00003E90,0x000020C0,132999067837950277
API,*,0,kernel32.dll,HMODULE GetModuleHandleW(LPCWSTR lpModuleName),0x00003E90,0x000020C0,132999067837950295
API,OK,0,kernel32.dll,HMODULE GetModuleHandleW(LPCWSTR lpModuleName),0x00003E90,0x000020C0,132999067837950334
STR,OK,0,lpModuleName,api-ms-win-core-synch-l1-2-0.dll,0x00003E90,0x000020C0,132999067837950353
API,*,0,kernel32.dll,void InitializeConditionVariable(PCONDITION_VARIABLE ConditionVariable),0x00003E90,0x000020C0,132999067837950625
API,OK,0,kernel32.dll,void InitializeConditionVariable(PCONDITION_VARIABLE ConditionVariable),0x00003E90,0x000020C0,132999067837950643
API,*,0,kernel32.dll,HANDLE GetCurrentThread(void),0x00003E90,0x000020C0,132999067837957157
API,OK,0,kernel32.dll,HANDLE GetCurrentThread(void),0x00003E90,0x000020C0,132999067837957174
API,*,0,kernel32.dll,"DWORD QueueUserAPC(PAPCFUNC pfnAPC,HANDLE hThread,ULONG_PTR dwData)",0x00003E90,0x000020C0,132999067837957195
API,OK,0,kernel32.dll,"DWORD QueueUserAPC(PAPCFUNC pfnAPC,HANDLE hThread,ULONG_PTR dwData)",0x00003E90,0x000020C0,132999067837957234
API,*,0,kernel32.dll,DWORD FlsAlloc(PFLS_CALLBACK_FUNCTION lpCallback),0x00003E90,0x000020C0,132999067837965108
API,OK,0,kernel32.dll,DWORD FlsAlloc(PFLS_CALLBACK_FUNCTION lpCallback),0x00003E90,0x000020C0,132999067837965132
API,*,0,kernel32.dll,void InitializeSListHead(PSLIST_HEADER ListHead),0x00003E90,0x000020C0,132999067837968102
API,OK,0,kernel32.dll,void InitializeSListHead(PSLIST_HEADER ListHead),0x00003E90,0x000020C0,132999067837968123
API,*,0,kernel32.dll,LPTOP_LEVEL_EXCEPTION_FILTER SetUnhandledExceptionFilter(LPTOP_LEVEL_EXCEPTION_FILTER lpTopLevelExceptionFilter),0x00003E90,0x000020C0,132999067837968155
API,OK,0,kernel32.dll,LPTOP_LEVEL_EXCEPTION_FILTER SetUnhandledExceptionFilter(LPTOP_LEVEL_EXCEPTION_FILTER lpTopLevelExceptionFilter),0x00003E90,0x000020C0,132999067837968283
API,*,0,kernel32.dll,HMODULE GetModuleHandleW(LPCWSTR lpModuleName),0x00003E90,0x000020C0,132999067837987723
API,OK,0,kernel32.dll,HMODULE GetModuleHandleW(LPCWSTR lpModuleName),0x00003E90,0x000020C0,132999067837987753
STR,OK,0,lpModuleName,NULL,0x00003E90,0x000020C0,132999067837987770
API,*,0,kernel32.dll,LPVOID TlsGetValue(DWORD dwTlsIndex),0x00003E90,0x000020C0,132999067838116404
API,FAIL,0000,kernel32.dll,LPVOID TlsGetValue(DWORD dwTlsIndex),0x00003E90,0x000020C0,132999067838116433
API,*,0,kernel32.dll,BOOL TlsFree(DWORD dwTlsIndex),0x00003E90,0x000020C0,132999067838116458
API,OK,0,kernel32.dll,BOOL TlsFree(DWORD dwTlsIndex),0x00003E90,0x000020C0,132999067838116510
API,*,0,kernel32.dll,HMODULE GetModuleHandleW(LPCWSTR lpModuleName),0x00003E90,0x000020C0,132999067838116550
API,OK,0,kernel32.dll,HMODULE GetModuleHandleW(LPCWSTR lpModuleName),0x00003E90,0x000020C0,132999067838116579
STR,OK,0,lpModuleName,ntdll.dll,0x00003E90,0x000020C0,132999067838116596
API,*,0,kernel32.dll,HMODULE GetModuleHandleW(LPCWSTR lpModuleName),0x00003E90,0x000020C0,132999067838117668
API,OK,0,kernel32.dll,HMODULE GetModuleHandleW(LPCWSTR lpModuleName),0x00003E90,0x000020C0,132999067838117691
STR,OK,0,lpModuleName,ntdll.dll,0x00003E90,0x000020C0,132999067838117706
API,*,0,kernel32.dll,PVOID DecodePointer(PVOID Ptr),0x00003E90,0x000020C0,132999067838119542
API,OK,0,kernel32.dll,PVOID DecodePointer(PVOID Ptr),0x00003E90,0x000020C0,132999067838119560
API,*,0,kernel32.dll,PVOID DecodePointer(PVOID Ptr),0x00003E90,0x000020C0,132999067838119576
API,OK,0,kernel32.dll,PVOID DecodePointer(PVOID Ptr),0x00003E90,0x000020C0,132999067838119590
API,*,0,kernel32.dll,PVOID EncodePointer(PVOID Ptr),0x00003E90,0x000020C0,132999067838119607
API,OK,0,kernel32.dll,PVOID EncodePointer(PVOID Ptr),0x00003E90,0x000020C0,132999067838119622
API,*,0,kernel32.dll,PVOID DecodePointer(PVOID Ptr),0x00003E90,0x000020C0,132999067838119637
API,OK,0,kernel32.dll,PVOID DecodePointer(PVOID Ptr),0x00003E90,0x000020C0,132999067838119651
API,*,0,kernel32.dll,PVOID EncodePointer(PVOID Ptr),0x00003E90,0x000020C0,132999067838119665
API,OK,0,kernel32.dll,PVOID EncodePointer(PVOID Ptr),0x00003E90,0x000020C0,132999067838119678
API,*,0,kernel32.dll,PVOID DecodePointer(PVOID Ptr),0x00003E90,0x000020C0,132999067838119717
API,OK,0,kernel32.dll,PVOID DecodePointer(PVOID Ptr),0x00003E90,0x000020C0,132999067838119732
API,*,0,kernel32.dll,PVOID DecodePointer(PVOID Ptr),0x00003E90,0x000020C0,132999067838119756
API,OK,0,kernel32.dll,PVOID DecodePointer(PVOID Ptr),0x00003E90,0x000020C0,132999067838119770
API,*,0,kernel32.dll,PVOID DecodePointer(PVOID Ptr),0x00003E90,0x000020C0,132999067838119784
API,OK,0,kernel32.dll,PVOID DecodePointer(PVOID Ptr),0x00003E90,0x000020C0,132999067838119799
