Msg Type,Result,Error Code,ModuleName,Prototype,ProcessId,ThreadId,Time
API,*,0,kernel32.dll,void GetStartupInfoW(LPSTARTUPINFOW lpStartupInfo),0x00003C50,0x00003CB4,132999172768579315
API,OK,0,kernel32.dll,void GetStartupInfoW(LPSTARTUPINFOW lpStartupInfo),0x00003C50,0x00003CB4,132999172768579355
API,*,0,kernel32.dll,HANDLE GetStdHandle(DWORD nStdHandle),0x00003C50,0x00003CB4,132999172768579404
API,OK,0,kernel32.dll,HANDLE GetStdHandle(DWORD nStdHandle),0x00003C50,0x00003CB4,132999172768579434
API,*,0,kernel32.dll,DWORD GetFileType(HANDLE hFile),0x00003C50,0x00003CB4,132999172768579454
API,OK,0,kernel32.dll,DWORD GetFileType(HANDLE hFile),0x00003C50,0x00003CB4,132999172768579491
API,*,0,kernel32.dll,"BOOL InitializeCriticalSectionAndSpinCount(LPCRITICAL_SECTION lpCriticalSection,DWORD dwSpinCount)",0x00003C50,0x00003CB4,132999172768579515
API,OK,0,kernel32.dll,"BOOL InitializeCriticalSectionAndSpinCount(LPCRITICAL_SECTION lpCriticalSection,DWORD dwSpinCount)",0x00003C50,0x00003CB4,132999172768579540
API,*,0,kernel32.dll,HANDLE GetStdHandle(DWORD nStdHandle),0x00003C50,0x00003CB4,132999172768579555
API,OK,0,kernel32.dll,HANDLE GetStdHandle(DWORD nStdHandle),0x00003C50,0x00003CB4,132999172768579569
API,*,0,kernel32.dll,DWORD GetFileType(HANDLE hFile),0x00003C50,0x00003CB4,132999172768579583
API,OK,0,kernel32.dll,DWORD GetFileType(HANDLE hFile),0x00003C50,0x00003CB4,132999172768579602
API,*,0,kernel32.dll,"BOOL InitializeCriticalSectionAndSpinCount(LPCRITICAL_SECTION lpCriticalSection,DWORD dwSpinCount)",0x00003C50,0x00003CB4,132999172768579620
API,OK,0,kernel32.dll,"BOOL InitializeCriticalSectionAndSpinCount(LPCRITICAL_SECTION lpCriticalSection,DWORD dwSpinCount)",0x00003C50,0x00003CB4,132999172768579639
API,*,0,kernel32.dll,HANDLE GetStdHandle(DWORD nStdHandle),0x00003C50,0x00003CB4,132999172768579653
API,OK,0,kernel32.dll,HANDLE GetStdHandle(DWORD nStdHandle),0x00003C50,0x00003CB4,132999172768579668
API,*,0,kernel32.dll,DWORD GetFileType(HANDLE hFile),0x00003C50,0x00003CB4,132999172768579682
API,OK,0,kernel32.dll,DWORD GetFileType(HANDLE hFile),0x00003C50,0x00003CB4,132999172768579700
API,*,0,kernel32.dll,"BOOL InitializeCriticalSectionAndSpinCount(LPCRITICAL_SECTION lpCriticalSection,DWORD dwSpinCount)",0x00003C50,0x00003CB4,132999172768579718
API,OK,0,kernel32.dll,"BOOL InitializeCriticalSectionAndSpinCount(LPCRITICAL_SECTION lpCriticalSection,DWORD dwSpinCount)",0x00003C50,0x00003CB4,132999172768579736
API,*,0,kernel32.dll,LPWCH GetEnvironmentStringsW(void),0x00003C50,0x00003CB4,132999172768579754
API,OK,0,kernel32.dll,LPWCH GetEnvironmentStringsW(void),0x00003C50,0x00003CB4,132999172768579810
API,*,0,kernel32.dll,LPSTR GetCommandLineA(void),0x00003C50,0x00003CB4,132999172768579949
API,OK,0,kernel32.dll,LPSTR GetCommandLineA(void),0x00003C50,0x00003CB4,132999172768579982
API,*,0,kernel32.dll,LPWSTR GetCommandLineW(void),0x00003C50,0x00003CB4,132999172768580000
API,OK,0,kernel32.dll,LPWSTR GetCommandLineW(void),0x00003C50,0x00003CB4,132999172768580037
API,*,0,kernel32.dll,"BOOL GetCPInfo(UINT CodePage,LPCPINFO lpCPInfo)",0x00003C50,0x00003CB4,132999172768580389
API,OK,0,kernel32.dll,"BOOL GetCPInfo(UINT CodePage,LPCPINFO lpCPInfo)",0x00003C50,0x00003CB4,132999172768580423
API,*,0,kernel32.dll,"int MultiByteToWideChar(UINT CodePage,DWORD dwFlags,LPCCH lpMultiByteStr,int cbMultiByte,LPWSTR lpWideCharStr,int cchWideChar)",0x00003C50,0x00003CB4,132999172768580452
API,OK,0,kernel32.dll,"int MultiByteToWideChar(UINT CodePage,DWORD dwFlags,LPCCH lpMultiByteStr,int cbMultiByte,LPWSTR lpWideCharStr,int cchWideChar)",0x00003C50,0x00003CB4,132999172768580506
STR,OK,0,lpWideCharStr,NULL,0x00003C50,0x00003CB4,132999172768580532
API,*,0,kernel32.dll,"int MultiByteToWideChar(UINT CodePage,DWORD dwFlags,LPCCH lpMultiByteStr,int cbMultiByte,LPWSTR lpWideCharStr,int cchWideChar)",0x00003C50,0x00003CB4,132999172768580553
API,OK,0,kernel32.dll,"int MultiByteToWideChar(UINT CodePage,DWORD dwFlags,LPCCH lpMultiByteStr,int cbMultiByte,LPWSTR lpWideCharStr,int cchWideChar)",0x00003C50,0x00003CB4,132999172768580577
STR,OK,0,lpWideCharStr,NULL,0x00003C50,0x00003CB4,132999172768580592
API,*,0,kernel32.dll,"BOOL GetStringTypeW(DWORD dwInfoType,LPCWCH lpSrcStr,int cchSrc,LPWORD lpCharType)",0x00003C50,0x00003CB4,132999172768580615
API,OK,0,kernel32.dll,"BOOL GetStringTypeW(DWORD dwInfoType,LPCWCH lpSrcStr,int cchSrc,LPWORD lpCharType)",0x00003C50,0x00003CB4,132999172768580655
API,*,0,kernel32.dll,"int MultiByteToWideChar(UINT CodePage,DWORD dwFlags,LPCCH lpMultiByteStr,int cbMultiByte,LPWSTR lpWideCharStr,int cchWideChar)",0x00003C50,0x00003CB4,132999172768580678
API,OK,0,kernel32.dll,"int MultiByteToWideChar(UINT CodePage,DWORD dwFlags,LPCCH lpMultiByteStr,int cbMultiByte,LPWSTR lpWideCharStr,int cchWideChar)",0x00003C50,0x00003CB4,132999172768580700
STR,OK,0,lpWideCharStr,NULL,0x00003C50,0x00003CB4,132999172768580713
API,*,0,kernel32.dll,"int MultiByteToWideChar(UINT CodePage,DWORD dwFlags,LPCCH lpMultiByteStr,int cbMultiByte,LPWSTR lpWideCharStr,int cchWideChar)",0x00003C50,0x00003CB4,132999172768580734
API,OK,0,kernel32.dll,"int MultiByteToWideChar(UINT CodePage,DWORD dwFlags,LPCCH lpMultiByteStr,int cbMultiByte,LPWSTR lpWideCharStr,int cchWideChar)",0x00003C50,0x00003CB4,132999172768580757
STR,OK,0,lpWideCharStr,NULL,0x00003C50,0x00003CB4,132999172768580771
API,*,0,kernel32.dll,"int LCMapStringW(LCID Locale,DWORD dwMapFlags,LPCWSTR lpSrcStr,int cchSrc,LPWSTR lpDestStr,int cchDest)",0x00003C50,0x00003CB4,132999172768580794
API,OK,0,kernel32.dll,"int LCMapStringW(LCID Locale,DWORD dwMapFlags,LPCWSTR lpSrcStr,int cchSrc,LPWSTR lpDestStr,int cchDest)",0x00003C50,0x00003CB4,132999172768580992
STR,OK,0,lpSrcStr,NULL,0x00003C50,0x00003CB4,132999172768581008
STR,OK,0,lpDestStr,NULL,0x00003C50,0x00003CB4,132999172768581021
API,*,0,kernel32.dll,"int LCMapStringW(LCID Locale,DWORD dwMapFlags,LPCWSTR lpSrcStr,int cchSrc,LPWSTR lpDestStr,int cchDest)",0x00003C50,0x00003CB4,132999172768581041
API,OK,0,kernel32.dll,"int LCMapStringW(LCID Locale,DWORD dwMapFlags,LPCWSTR lpSrcStr,int cchSrc,LPWSTR lpDestStr,int cchDest)",0x00003C50,0x00003CB4,132999172768581087
STR,OK,0,lpSrcStr,NULL,0x00003C50,0x00003CB4,132999172768581100
STR,OK,0,lpDestStr,NULL,0x00003C50,0x00003CB4,132999172768581114
API,*,0,kernel32.dll,"int MultiByteToWideChar(UINT CodePage,DWORD dwFlags,LPCCH lpMultiByteStr,int cbMultiByte,LPWSTR lpWideCharStr,int cchWideChar)",0x00003C50,0x00003CB4,132999172768581169
API,OK,0,kernel32.dll,"int MultiByteToWideChar(UINT CodePage,DWORD dwFlags,LPCCH lpMultiByteStr,int cbMultiByte,LPWSTR lpWideCharStr,int cchWideChar)",0x00003C50,0x00003CB4,132999172768581193
STR,OK,0,lpWideCharStr,NULL,0x00003C50,0x00003CB4,132999172768581210
API,*,0,kernel32.dll,"int MultiByteToWideChar(UINT CodePage,DWORD dwFlags,LPCCH lpMultiByteStr,int cbMultiByte,LPWSTR lpWideCharStr,int cchWideChar)",0x00003C50,0x00003CB4,132999172768581229
API,OK,0,kernel32.dll,"int MultiByteToWideChar(UINT CodePage,DWORD dwFlags,LPCCH lpMultiByteStr,int cbMultiByte,LPWSTR lpWideCharStr,int cchWideChar)",0x00003C50,0x00003CB4,132999172768581252
STR,OK,0,lpWideCharStr,NULL,0x00003C50,0x00003CB4,132999172768581266
API,*,0,kernel32.dll,"int LCMapStringW(LCID Locale,DWORD dwMapFlags,LPCWSTR lpSrcStr,int cchSrc,LPWSTR lpDestStr,int cchDest)",0x00003C50,0x00003CB4,132999172768581284
API,OK,0,kernel32.dll,"int LCMapStringW(LCID Locale,DWORD dwMapFlags,LPCWSTR lpSrcStr,int cchSrc,LPWSTR lpDestStr,int cchDest)",0x00003C50,0x00003CB4,132999172768581305
STR,OK,0,lpSrcStr,NULL,0x00003C50,0x00003CB4,132999172768581318
STR,OK,0,lpDestStr,NULL,0x00003C50,0x00003CB4,132999172768581331
API,*,0,kernel32.dll,"int LCMapStringW(LCID Locale,DWORD dwMapFlags,LPCWSTR lpSrcStr,int cchSrc,LPWSTR lpDestStr,int cchDest)",0x00003C50,0x00003CB4,132999172768581350
API,OK,0,kernel32.dll,"int LCMapStringW(LCID Locale,DWORD dwMapFlags,LPCWSTR lpSrcStr,int cchSrc,LPWSTR lpDestStr,int cchDest)",0x00003C50,0x00003CB4,132999172768581377
STR,OK,0,lpSrcStr,NULL,0x00003C50,0x00003CB4,132999172768581390
STR,OK,0,lpDestStr,NULL,0x00003C50,0x00003CB4,132999172768581403
API,*,0,kernel32.dll,PVOID EncodePointer(PVOID Ptr),0x00003C50,0x00003CB4,132999172768581520
API,OK,0,kernel32.dll,PVOID EncodePointer(PVOID Ptr),0x00003C50,0x00003CB4,132999172768581538
API,*,0,kernel32.dll,void GetSystemTimeAsFileTime(LPFILETIME lpSystemTimeAsFileTime),0x00003C50,0x00003CB4,132999172768581634
API,OK,0,kernel32.dll,void GetSystemTimeAsFileTime(LPFILETIME lpSystemTimeAsFileTime),0x00003C50,0x00003CB4,132999172768581678
API,*,0,kernel32.dll,BOOL IsProcessorFeaturePresent(DWORD ProcessorFeature),0x00003C50,0x00003CB4,132999172768581699
API,OK,0,kernel32.dll,BOOL IsProcessorFeaturePresent(DWORD ProcessorFeature),0x00003C50,0x00003CB4,132999172768581719
API,*,0,kernel32.dll,BOOL IsProcessorFeaturePresent(DWORD ProcessorFeature),0x00003C50,0x00003CB4,132999172768581734
API,OK,0,kernel32.dll,BOOL IsProcessorFeaturePresent(DWORD ProcessorFeature),0x00003C50,0x00003CB4,132999172768581750
API,*,0,kernel32.dll,PVOID EncodePointer(PVOID Ptr),0x00003C50,0x00003CB4,132999172768581859
API,OK,0,kernel32.dll,PVOID EncodePointer(PVOID Ptr),0x00003C50,0x00003CB4,132999172768581874
API,*,0,kernel32.dll,PVOID DecodePointer(PVOID Ptr),0x00003C50,0x00003CB4,132999172768581901
API,OK,0,kernel32.dll,PVOID DecodePointer(PVOID Ptr),0x00003C50,0x00003CB4,132999172768581917
API,*,0,kernel32.dll,PVOID DecodePointer(PVOID Ptr),0x00003C50,0x00003CB4,132999172768581931
API,OK,0,kernel32.dll,PVOID DecodePointer(PVOID Ptr),0x00003C50,0x00003CB4,132999172768581945
API,*,0,kernel32.dll,PVOID EncodePointer(PVOID Ptr),0x00003C50,0x00003CB4,132999172768581960
API,OK,0,kernel32.dll,PVOID EncodePointer(PVOID Ptr),0x00003C50,0x00003CB4,132999172768581974
API,*,0,kernel32.dll,PVOID EncodePointer(PVOID Ptr),0x00003C50,0x00003CB4,132999172768581988
API,OK,0,kernel32.dll,PVOID EncodePointer(PVOID Ptr),0x00003C50,0x00003CB4,132999172768582001
API,*,0,kernel32.dll,void InitializeSListHead(PSLIST_HEADER ListHead),0x00003C50,0x00003CB4,132999172768769000
API,OK,0,kernel32.dll,void InitializeSListHead(PSLIST_HEADER ListHead),0x00003C50,0x00003CB4,132999172768769038
API,*,0,kernel32.dll,"BOOL InitializeCriticalSectionAndSpinCount(LPCRITICAL_SECTION lpCriticalSection,DWORD dwSpinCount)",0x00003C50,0x00003CB4,132999172768769071
API,OK,0,kernel32.dll,"BOOL InitializeCriticalSectionAndSpinCount(LPCRITICAL_SECTION lpCriticalSection,DWORD dwSpinCount)",0x00003C50,0x00003CB4,132999172768769094
API,*,0,kernel32.dll,HMODULE GetModuleHandleW(LPCWSTR lpModuleName),0x00003C50,0x00003CB4,132999172768769114
API,OK,0,kernel32.dll,HMODULE GetModuleHandleW(LPCWSTR lpModuleName),0x00003C50,0x00003CB4,132999172768769144
STR,OK,0,lpModuleName,api-ms-win-core-synch-l1-2-0.dll,0x00003C50,0x00003CB4,132999172768769169
API,*,0,kernel32.dll,"BOOL InitializeCriticalSectionEx(LPCRITICAL_SECTION lpCriticalSection,DWORD dwSpinCount,DWORD Flags)",0x00003C50,0x00003CB4,132999172768769621
API,OK,0,kernel32.dll,"BOOL InitializeCriticalSectionEx(LPCRITICAL_SECTION lpCriticalSection,DWORD dwSpinCount,DWORD Flags)",0x00003C50,0x00003CB4,132999172768769656
API,*,0,kernel32.dll,"BOOL InitializeCriticalSectionEx(LPCRITICAL_SECTION lpCriticalSection,DWORD dwSpinCount,DWORD Flags)",0x00003C50,0x00003CB4,132999172768769679
API,OK,0,kernel32.dll,"BOOL InitializeCriticalSectionEx(LPCRITICAL_SECTION lpCriticalSection,DWORD dwSpinCount,DWORD Flags)",0x00003C50,0x00003CB4,132999172768769700
API,*,0,kernel32.dll,"BOOL InitializeCriticalSectionEx(LPCRITICAL_SECTION lpCriticalSection,DWORD dwSpinCount,DWORD Flags)",0x00003C50,0x00003CB4,132999172768769761
API,OK,0,kernel32.dll,"BOOL InitializeCriticalSectionEx(LPCRITICAL_SECTION lpCriticalSection,DWORD dwSpinCount,DWORD Flags)",0x00003C50,0x00003CB4,132999172768769780
API,*,0,kernel32.dll,HMODULE GetModuleHandleW(LPCWSTR lpModuleName),0x00003C50,0x00003CB4,132999172768770581
API,OK,0,kernel32.dll,HMODULE GetModuleHandleW(LPCWSTR lpModuleName),0x00003C50,0x00003CB4,132999172768770634
STR,OK,0,lpModuleName,C:\WINDOWS\system32\oleaut32.dll,0x00003C50,0x00003CB4,132999172768770654
API,*,0,kernel32.dll,HANDLE GetCurrentProcess(void),0x00003C50,0x00003CB4,132999172768770690
API,FAIL,0000,kernel32.dll,HANDLE GetCurrentProcess(void),0x00003C50,0x00003CB4,132999172768770768
API,*,0,kernel32.dll,"BOOL IsWow64Process(HANDLE hProcess,PBOOL Wow64Process)",0x00003C50,0x00003CB4,132999172768770809
API,OK,0,kernel32.dll,"BOOL IsWow64Process(HANDLE hProcess,PBOOL Wow64Process)",0x00003C50,0x00003CB4,132999172768770853
API,*,0,kernel32.dll,"BOOL InitializeCriticalSectionAndSpinCount(LPCRITICAL_SECTION lpCriticalSection,DWORD dwSpinCount)",0x00003C50,0x00003CB4,132999172768770904
API,OK,0,kernel32.dll,"BOOL InitializeCriticalSectionAndSpinCount(LPCRITICAL_SECTION lpCriticalSection,DWORD dwSpinCount)",0x00003C50,0x00003CB4,132999172768770927
API,*,0,kernel32.dll,"BOOL InitializeCriticalSectionAndSpinCount(LPCRITICAL_SECTION lpCriticalSection,DWORD dwSpinCount)",0x00003C50,0x00003CB4,132999172768770951
API,OK,0,kernel32.dll,"BOOL InitializeCriticalSectionAndSpinCount(LPCRITICAL_SECTION lpCriticalSection,DWORD dwSpinCount)",0x00003C50,0x00003CB4,132999172768770973
API,*,0,kernel32.dll,"BOOL InitializeCriticalSectionAndSpinCount(LPCRITICAL_SECTION lpCriticalSection,DWORD dwSpinCount)",0x00003C50,0x00003CB4,132999172768770994
API,OK,0,kernel32.dll,"BOOL InitializeCriticalSectionAndSpinCount(LPCRITICAL_SECTION lpCriticalSection,DWORD dwSpinCount)",0x00003C50,0x00003CB4,132999172768771017
API,*,0,user32.dll,UINT RegisterClipboardFormatW(LPCWSTR lpszFormat),0x00003C50,0x00003CB4,132999172768771145
API,OK,0,user32.dll,UINT RegisterClipboardFormatW(LPCWSTR lpszFormat),0x00003C50,0x00003CB4,132999172768771310
STR,OK,0,lpszFormat,{FB8F0821-0164-101B-84ED-08002B2EC713},0x00003C50,0x00003CB4,132999172768771330
API,*,0,ole32.dll,LPVOID CoTaskMemAlloc(SIZE_T cb),0x00003C50,0x00003CB4,132999172768772902
API,OK,0,ole32.dll,LPVOID CoTaskMemAlloc(SIZE_T cb),0x00003C50,0x00003CB4,132999172768772981
API,*,0,kernel32.dll,DWORD GetTickCount(void),0x00003C50,0x00003CB4,132999172768773045
API,OK,0,kernel32.dll,DWORD GetTickCount(void),0x00003C50,0x00003CB4,132999172768773061
API,*,0,ole32.dll,LPVOID CoTaskMemAlloc(SIZE_T cb),0x00003C50,0x00003CB4,132999172768773084
API,OK,0,ole32.dll,LPVOID CoTaskMemAlloc(SIZE_T cb),0x00003C50,0x00003CB4,132999172768773101
API,*,0,kernel32.dll,DWORD GetTickCount(void),0x00003C50,0x00003CB4,132999172768773130
API,OK,0,kernel32.dll,DWORD GetTickCount(void),0x00003C50,0x00003CB4,132999172768773146
API,*,0,ole32.dll,LPVOID CoTaskMemAlloc(SIZE_T cb),0x00003C50,0x00003CB4,132999172768773216
API,OK,0,ole32.dll,LPVOID CoTaskMemAlloc(SIZE_T cb),0x00003C50,0x00003CB4,132999172768773239
API,*,0,kernel32.dll,void InitializeSListHead(PSLIST_HEADER ListHead),0x00003C50,0x00003CB4,132999172768773261
API,OK,0,kernel32.dll,void InitializeSListHead(PSLIST_HEADER ListHead),0x00003C50,0x00003CB4,132999172768773281
API,*,0,kernel32.dll,void InitializeSListHead(PSLIST_HEADER ListHead),0x00003C50,0x00003CB4,132999172768773299
API,OK,0,kernel32.dll,void InitializeSListHead(PSLIST_HEADER ListHead),0x00003C50,0x00003CB4,132999172768773330
API,*,0,kernel32.dll,void InitializeSListHead(PSLIST_HEADER ListHead),0x00003C50,0x00003CB4,132999172768773346
API,OK,0,kernel32.dll,void InitializeSListHead(PSLIST_HEADER ListHead),0x00003C50,0x00003CB4,132999172768773365
API,*,0,kernel32.dll,void InitializeSListHead(PSLIST_HEADER ListHead),0x00003C50,0x00003CB4,132999172768773555
API,OK,0,kernel32.dll,void InitializeSListHead(PSLIST_HEADER ListHead),0x00003C50,0x00003CB4,132999172768773573
API,*,0,kernel32.dll,"BOOL InitializeCriticalSectionAndSpinCount(LPCRITICAL_SECTION lpCriticalSection,DWORD dwSpinCount)",0x00003C50,0x00003CB4,132999172768773603
API,OK,0,kernel32.dll,"BOOL InitializeCriticalSectionAndSpinCount(LPCRITICAL_SECTION lpCriticalSection,DWORD dwSpinCount)",0x00003C50,0x00003CB4,132999172768773623
API,*,0,kernel32.dll,HMODULE GetModuleHandleW(LPCWSTR lpModuleName),0x00003C50,0x00003CB4,132999172768773641
API,OK,0,kernel32.dll,HMODULE GetModuleHandleW(LPCWSTR lpModuleName),0x00003C50,0x00003CB4,132999172768773668
STR,OK,0,lpModuleName,api-ms-win-core-synch-l1-2-0.dll,0x00003C50,0x00003CB4,132999172768773689
API,*,0,kernel32.dll,"BOOL InitializeCriticalSectionEx(LPCRITICAL_SECTION lpCriticalSection,DWORD dwSpinCount,DWORD Flags)",0x00003C50,0x00003CB4,132999172768774205
API,OK,0,kernel32.dll,"BOOL InitializeCriticalSectionEx(LPCRITICAL_SECTION lpCriticalSection,DWORD dwSpinCount,DWORD Flags)",0x00003C50,0x00003CB4,132999172768774226
API,*,0,kernel32.dll,"BOOL InitializeCriticalSectionEx(LPCRITICAL_SECTION lpCriticalSection,DWORD dwSpinCount,DWORD Flags)",0x00003C50,0x00003CB4,132999172768774247
API,OK,0,kernel32.dll,"BOOL InitializeCriticalSectionEx(LPCRITICAL_SECTION lpCriticalSection,DWORD dwSpinCount,DWORD Flags)",0x00003C50,0x00003CB4,132999172768774267
API,*,0,kernel32.dll,void InitOnceInitialize(PINIT_ONCE InitOnce),0x00003C50,0x00003CB4,132999172768774312
API,OK,0,kernel32.dll,void InitOnceInitialize(PINIT_ONCE InitOnce),0x00003C50,0x00003CB4,132999172768774329
API,*,0,kernel32.dll,void InitOnceInitialize(PINIT_ONCE InitOnce),0x00003C50,0x00003CB4,132999172768774346
API,OK,0,kernel32.dll,void InitOnceInitialize(PINIT_ONCE InitOnce),0x00003C50,0x00003CB4,132999172768774361
API,*,0,kernel32.dll,void InitOnceInitialize(PINIT_ONCE InitOnce),0x00003C50,0x00003CB4,132999172768774378
API,OK,0,kernel32.dll,void InitOnceInitialize(PINIT_ONCE InitOnce),0x00003C50,0x00003CB4,132999172768774392
API,*,0,kernel32.dll,HMODULE GetModuleHandleW(LPCWSTR lpModuleName),0x00003C50,0x00003CB4,132999172768774409
API,OK,0,kernel32.dll,HMODULE GetModuleHandleW(LPCWSTR lpModuleName),0x00003C50,0x00003CB4,132999172768774460
STR,OK,0,lpModuleName,ext-ms-win-ole32-oleautomation-l1-1-0.dll,0x00003C50,0x00003CB4,132999172768774477
API,*,0,ole32.dll,void SetOleautModule(struct HINSTANCE__* P0),0x00003C50,0x00003CB4,132999172768774990
API,OK,0,ole32.dll,void SetOleautModule(struct HINSTANCE__* P0),0x00003C50,0x00003CB4,132999172768775008
API,*,0,kernel32.dll,"unsigned int GetSystemDirectoryW(wchar_t* P0,unsigned int P1)",0x00003C50,0x00003CB4,132999172768775030
API,OK,0,kernel32.dll,"unsigned int GetSystemDirectoryW(wchar_t* P0,unsigned int P1)",0x00003C50,0x00003CB4,132999172768775073
API,*,0,kernel32.dll,BOOL IsDBCSLeadByte(BYTE TestChar),0x00003C50,0x00003CB4,132999172768775102
API,FAIL,0000,kernel32.dll,BOOL IsDBCSLeadByte(BYTE TestChar),0x00003C50,0x00003CB4,132999172768775139
API,*,0,kernel32.dll,BOOL IsDBCSLeadByte(BYTE TestChar),0x00003C50,0x00003CB4,132999172768775153
API,OK,0,kernel32.dll,BOOL IsDBCSLeadByte(BYTE TestChar),0x00003C50,0x00003CB4,132999172768775168
API,*,0,kernel32.dll,BOOL IsDBCSLeadByte(BYTE TestChar),0x00003C50,0x00003CB4,132999172768775197
API,OK,0,kernel32.dll,BOOL IsDBCSLeadByte(BYTE TestChar),0x00003C50,0x00003CB4,132999172768775212
API,*,0,kernel32.dll,BOOL IsDBCSLeadByte(BYTE TestChar),0x00003C50,0x00003CB4,132999172768775233
API,OK,0,kernel32.dll,BOOL IsDBCSLeadByte(BYTE TestChar),0x00003C50,0x00003CB4,132999172768775248
API,*,0,kernel32.dll,BOOL IsDBCSLeadByte(BYTE TestChar),0x00003C50,0x00003CB4,132999172768775262
API,OK,0,kernel32.dll,BOOL IsDBCSLeadByte(BYTE TestChar),0x00003C50,0x00003CB4,132999172768775276
API,*,0,kernel32.dll,BOOL IsDBCSLeadByte(BYTE TestChar),0x00003C50,0x00003CB4,132999172768775290
API,OK,0,kernel32.dll,BOOL IsDBCSLeadByte(BYTE TestChar),0x00003C50,0x00003CB4,132999172768775305
API,*,0,kernel32.dll,BOOL IsDBCSLeadByte(BYTE TestChar),0x00003C50,0x00003CB4,132999172768775319
API,OK,0,kernel32.dll,BOOL IsDBCSLeadByte(BYTE TestChar),0x00003C50,0x00003CB4,132999172768775334
API,*,0,kernel32.dll,BOOL IsDBCSLeadByte(BYTE TestChar),0x00003C50,0x00003CB4,132999172768775348
API,OK,0,kernel32.dll,BOOL IsDBCSLeadByte(BYTE TestChar),0x00003C50,0x00003CB4,132999172768775362
API,*,0,kernel32.dll,BOOL IsDBCSLeadByte(BYTE TestChar),0x00003C50,0x00003CB4,132999172768775377
API,OK,0,kernel32.dll,BOOL IsDBCSLeadByte(BYTE TestChar),0x00003C50,0x00003CB4,132999172768775391
API,*,0,kernel32.dll,BOOL IsDBCSLeadByte(BYTE TestChar),0x00003C50,0x00003CB4,132999172768775405
API,OK,0,kernel32.dll,BOOL IsDBCSLeadByte(BYTE TestChar),0x00003C50,0x00003CB4,132999172768775420
API,*,0,kernel32.dll,BOOL IsDBCSLeadByte(BYTE TestChar),0x00003C50,0x00003CB4,132999172768775434
API,OK,0,kernel32.dll,BOOL IsDBCSLeadByte(BYTE TestChar),0x00003C50,0x00003CB4,132999172768775449
API,*,0,kernel32.dll,BOOL IsDBCSLeadByte(BYTE TestChar),0x00003C50,0x00003CB4,132999172768775466
API,OK,0,kernel32.dll,BOOL IsDBCSLeadByte(BYTE TestChar),0x00003C50,0x00003CB4,132999172768775480
API,*,0,kernel32.dll,BOOL IsDBCSLeadByte(BYTE TestChar),0x00003C50,0x00003CB4,132999172768775494
API,OK,0,kernel32.dll,BOOL IsDBCSLeadByte(BYTE TestChar),0x00003C50,0x00003CB4,132999172768775508
API,*,0,kernel32.dll,BOOL IsDBCSLeadByte(BYTE TestChar),0x00003C50,0x00003CB4,132999172768775522
API,OK,0,kernel32.dll,BOOL IsDBCSLeadByte(BYTE TestChar),0x00003C50,0x00003CB4,132999172768775537
API,*,0,kernel32.dll,BOOL IsDBCSLeadByte(BYTE TestChar),0x00003C50,0x00003CB4,132999172768775551
API,OK,0,kernel32.dll,BOOL IsDBCSLeadByte(BYTE TestChar),0x00003C50,0x00003CB4,132999172768775565
API,*,0,kernel32.dll,BOOL IsDBCSLeadByte(BYTE TestChar),0x00003C50,0x00003CB4,132999172768775580
API,OK,0,kernel32.dll,BOOL IsDBCSLeadByte(BYTE TestChar),0x00003C50,0x00003CB4,132999172768775594
API,*,0,kernel32.dll,BOOL IsDBCSLeadByte(BYTE TestChar),0x00003C50,0x00003CB4,132999172768775608
API,OK,0,kernel32.dll,BOOL IsDBCSLeadByte(BYTE TestChar),0x00003C50,0x00003CB4,132999172768775622
API,*,0,kernel32.dll,BOOL IsDBCSLeadByte(BYTE TestChar),0x00003C50,0x00003CB4,132999172768775636
API,OK,0,kernel32.dll,BOOL IsDBCSLeadByte(BYTE TestChar),0x00003C50,0x00003CB4,132999172768775651
API,*,0,kernel32.dll,BOOL IsDBCSLeadByte(BYTE TestChar),0x00003C50,0x00003CB4,132999172768775665
API,OK,0,kernel32.dll,BOOL IsDBCSLeadByte(BYTE TestChar),0x00003C50,0x00003CB4,132999172768775680
API,*,0,kernel32.dll,BOOL IsDBCSLeadByte(BYTE TestChar),0x00003C50,0x00003CB4,132999172768775694
API,OK,0,kernel32.dll,BOOL IsDBCSLeadByte(BYTE TestChar),0x00003C50,0x00003CB4,132999172768775710
API,*,0,kernel32.dll,BOOL IsDBCSLeadByte(BYTE TestChar),0x00003C50,0x00003CB4,132999172768775727
API,OK,0,kernel32.dll,BOOL IsDBCSLeadByte(BYTE TestChar),0x00003C50,0x00003CB4,132999172768775741
API,*,0,kernel32.dll,BOOL IsDBCSLeadByte(BYTE TestChar),0x00003C50,0x00003CB4,132999172768775755
API,OK,0,kernel32.dll,BOOL IsDBCSLeadByte(BYTE TestChar),0x00003C50,0x00003CB4,132999172768775770
API,*,0,kernel32.dll,BOOL IsDBCSLeadByte(BYTE TestChar),0x00003C50,0x00003CB4,132999172768775784
API,OK,0,kernel32.dll,BOOL IsDBCSLeadByte(BYTE TestChar),0x00003C50,0x00003CB4,132999172768775798
API,*,0,kernel32.dll,BOOL IsDBCSLeadByte(BYTE TestChar),0x00003C50,0x00003CB4,132999172768775813
API,OK,0,kernel32.dll,BOOL IsDBCSLeadByte(BYTE TestChar),0x00003C50,0x00003CB4,132999172768775827
API,*,0,kernel32.dll,BOOL IsDBCSLeadByte(BYTE TestChar),0x00003C50,0x00003CB4,132999172768775841
API,OK,0,kernel32.dll,BOOL IsDBCSLeadByte(BYTE TestChar),0x00003C50,0x00003CB4,132999172768775855
API,*,0,kernel32.dll,BOOL IsDBCSLeadByte(BYTE TestChar),0x00003C50,0x00003CB4,132999172768775869
API,OK,0,kernel32.dll,BOOL IsDBCSLeadByte(BYTE TestChar),0x00003C50,0x00003CB4,132999172768775884
API,*,0,kernel32.dll,BOOL IsDBCSLeadByte(BYTE TestChar),0x00003C50,0x00003CB4,132999172768775898
API,OK,0,kernel32.dll,BOOL IsDBCSLeadByte(BYTE TestChar),0x00003C50,0x00003CB4,132999172768775913
API,*,0,kernel32.dll,BOOL IsDBCSLeadByte(BYTE TestChar),0x00003C50,0x00003CB4,132999172768775927
API,OK,0,kernel32.dll,BOOL IsDBCSLeadByte(BYTE TestChar),0x00003C50,0x00003CB4,132999172768775941
API,*,0,kernel32.dll,BOOL IsDBCSLeadByte(BYTE TestChar),0x00003C50,0x00003CB4,132999172768775955
API,OK,0,kernel32.dll,BOOL IsDBCSLeadByte(BYTE TestChar),0x00003C50,0x00003CB4,132999172768775969
API,*,0,kernel32.dll,BOOL IsDBCSLeadByte(BYTE TestChar),0x00003C50,0x00003CB4,132999172768775983
API,OK,0,kernel32.dll,BOOL IsDBCSLeadByte(BYTE TestChar),0x00003C50,0x00003CB4,132999172768775999
API,*,0,kernel32.dll,BOOL IsDBCSLeadByte(BYTE TestChar),0x00003C50,0x00003CB4,132999172768776016
API,OK,0,kernel32.dll,BOOL IsDBCSLeadByte(BYTE TestChar),0x00003C50,0x00003CB4,132999172768776031
API,*,0,kernel32.dll,BOOL IsDBCSLeadByte(BYTE TestChar),0x00003C50,0x00003CB4,132999172768776045
API,OK,0,kernel32.dll,BOOL IsDBCSLeadByte(BYTE TestChar),0x00003C50,0x00003CB4,132999172768776061
API,*,0,kernel32.dll,BOOL IsDBCSLeadByte(BYTE TestChar),0x00003C50,0x00003CB4,132999172768776075
API,OK,0,kernel32.dll,BOOL IsDBCSLeadByte(BYTE TestChar),0x00003C50,0x00003CB4,132999172768776094
API,*,0,kernel32.dll,BOOL IsDBCSLeadByte(BYTE TestChar),0x00003C50,0x00003CB4,132999172768776108
API,OK,0,kernel32.dll,BOOL IsDBCSLeadByte(BYTE TestChar),0x00003C50,0x00003CB4,132999172768776123
API,*,0,kernel32.dll,BOOL IsDBCSLeadByte(BYTE TestChar),0x00003C50,0x00003CB4,132999172768776144
API,OK,0,kernel32.dll,BOOL IsDBCSLeadByte(BYTE TestChar),0x00003C50,0x00003CB4,132999172768776158
API,*,0,kernel32.dll,BOOL IsDBCSLeadByte(BYTE TestChar),0x00003C50,0x00003CB4,132999172768776174
API,OK,0,kernel32.dll,BOOL IsDBCSLeadByte(BYTE TestChar),0x00003C50,0x00003CB4,132999172768776189
API,*,0,kernel32.dll,BOOL IsDBCSLeadByte(BYTE TestChar),0x00003C50,0x00003CB4,132999172768776203
API,OK,0,kernel32.dll,BOOL IsDBCSLeadByte(BYTE TestChar),0x00003C50,0x00003CB4,132999172768776217
API,*,0,kernel32.dll,BOOL IsDBCSLeadByte(BYTE TestChar),0x00003C50,0x00003CB4,132999172768776231
API,OK,0,kernel32.dll,BOOL IsDBCSLeadByte(BYTE TestChar),0x00003C50,0x00003CB4,132999172768776245
API,*,0,kernel32.dll,BOOL IsDBCSLeadByte(BYTE TestChar),0x00003C50,0x00003CB4,132999172768776259
API,OK,0,kernel32.dll,BOOL IsDBCSLeadByte(BYTE TestChar),0x00003C50,0x00003CB4,132999172768776274
API,*,0,kernel32.dll,BOOL IsDBCSLeadByte(BYTE TestChar),0x00003C50,0x00003CB4,132999172768776288
API,OK,0,kernel32.dll,BOOL IsDBCSLeadByte(BYTE TestChar),0x00003C50,0x00003CB4,132999172768776302
API,*,0,kernel32.dll,BOOL IsDBCSLeadByte(BYTE TestChar),0x00003C50,0x00003CB4,132999172768776316
API,OK,0,kernel32.dll,BOOL IsDBCSLeadByte(BYTE TestChar),0x00003C50,0x00003CB4,132999172768776330
API,*,0,kernel32.dll,BOOL IsDBCSLeadByte(BYTE TestChar),0x00003C50,0x00003CB4,132999172768776347
API,OK,0,kernel32.dll,BOOL IsDBCSLeadByte(BYTE TestChar),0x00003C50,0x00003CB4,132999172768776361
API,*,0,kernel32.dll,BOOL IsDBCSLeadByte(BYTE TestChar),0x00003C50,0x00003CB4,132999172768776376
API,OK,0,kernel32.dll,BOOL IsDBCSLeadByte(BYTE TestChar),0x00003C50,0x00003CB4,132999172768776390
API,*,0,kernel32.dll,BOOL IsDBCSLeadByte(BYTE TestChar),0x00003C50,0x00003CB4,132999172768776404
API,OK,0,kernel32.dll,BOOL IsDBCSLeadByte(BYTE TestChar),0x00003C50,0x00003CB4,132999172768776419
API,*,0,kernel32.dll,BOOL IsDBCSLeadByte(BYTE TestChar),0x00003C50,0x00003CB4,132999172768776433
API,OK,0,kernel32.dll,BOOL IsDBCSLeadByte(BYTE TestChar),0x00003C50,0x00003CB4,132999172768776447
API,*,0,kernel32.dll,BOOL IsDBCSLeadByte(BYTE TestChar),0x00003C50,0x00003CB4,132999172768776461
API,OK,0,kernel32.dll,BOOL IsDBCSLeadByte(BYTE TestChar),0x00003C50,0x00003CB4,132999172768776476
API,*,0,kernel32.dll,BOOL IsDBCSLeadByte(BYTE TestChar),0x00003C50,0x00003CB4,132999172768776490
API,OK,0,kernel32.dll,BOOL IsDBCSLeadByte(BYTE TestChar),0x00003C50,0x00003CB4,132999172768776504
API,*,0,kernel32.dll,BOOL IsDBCSLeadByte(BYTE TestChar),0x00003C50,0x00003CB4,132999172768776518
API,OK,0,kernel32.dll,BOOL IsDBCSLeadByte(BYTE TestChar),0x00003C50,0x00003CB4,132999172768776533
API,*,0,kernel32.dll,BOOL IsDBCSLeadByte(BYTE TestChar),0x00003C50,0x00003CB4,132999172768776546
API,OK,0,kernel32.dll,BOOL IsDBCSLeadByte(BYTE TestChar),0x00003C50,0x00003CB4,132999172768776561
API,*,0,kernel32.dll,BOOL IsDBCSLeadByte(BYTE TestChar),0x00003C50,0x00003CB4,132999172768776575
API,OK,0,kernel32.dll,BOOL IsDBCSLeadByte(BYTE TestChar),0x00003C50,0x00003CB4,132999172768776589
API,*,0,kernel32.dll,BOOL IsDBCSLeadByte(BYTE TestChar),0x00003C50,0x00003CB4,132999172768776604
API,OK,0,kernel32.dll,BOOL IsDBCSLeadByte(BYTE TestChar),0x00003C50,0x00003CB4,132999172768776620
API,*,0,kernel32.dll,BOOL IsDBCSLeadByte(BYTE TestChar),0x00003C50,0x00003CB4,132999172768776634
API,OK,0,kernel32.dll,BOOL IsDBCSLeadByte(BYTE TestChar),0x00003C50,0x00003CB4,132999172768776648
API,*,0,kernel32.dll,BOOL IsDBCSLeadByte(BYTE TestChar),0x00003C50,0x00003CB4,132999172768776662
API,OK,0,kernel32.dll,BOOL IsDBCSLeadByte(BYTE TestChar),0x00003C50,0x00003CB4,132999172768776676
API,*,0,kernel32.dll,BOOL IsDBCSLeadByte(BYTE TestChar),0x00003C50,0x00003CB4,132999172768776691
API,OK,0,kernel32.dll,BOOL IsDBCSLeadByte(BYTE TestChar),0x00003C50,0x00003CB4,132999172768776705
API,*,0,kernel32.dll,BOOL IsDBCSLeadByte(BYTE TestChar),0x00003C50,0x00003CB4,132999172768776720
API,OK,0,kernel32.dll,BOOL IsDBCSLeadByte(BYTE TestChar),0x00003C50,0x00003CB4,132999172768776734
API,*,0,kernel32.dll,BOOL IsDBCSLeadByte(BYTE TestChar),0x00003C50,0x00003CB4,132999172768776748
API,OK,0,kernel32.dll,BOOL IsDBCSLeadByte(BYTE TestChar),0x00003C50,0x00003CB4,132999172768776762
API,*,0,kernel32.dll,BOOL IsDBCSLeadByte(BYTE TestChar),0x00003C50,0x00003CB4,132999172768776776
API,OK,0,kernel32.dll,BOOL IsDBCSLeadByte(BYTE TestChar),0x00003C50,0x00003CB4,132999172768776790
API,*,0,kernel32.dll,BOOL IsDBCSLeadByte(BYTE TestChar),0x00003C50,0x00003CB4,132999172768776804
API,OK,0,kernel32.dll,BOOL IsDBCSLeadByte(BYTE TestChar),0x00003C50,0x00003CB4,132999172768776819
API,*,0,kernel32.dll,BOOL IsDBCSLeadByte(BYTE TestChar),0x00003C50,0x00003CB4,132999172768776833
API,OK,0,kernel32.dll,BOOL IsDBCSLeadByte(BYTE TestChar),0x00003C50,0x00003CB4,132999172768776847
API,*,0,kernel32.dll,BOOL IsDBCSLeadByte(BYTE TestChar),0x00003C50,0x00003CB4,132999172768776861
API,OK,0,kernel32.dll,BOOL IsDBCSLeadByte(BYTE TestChar),0x00003C50,0x00003CB4,132999172768776875
API,*,0,kernel32.dll,BOOL IsDBCSLeadByte(BYTE TestChar),0x00003C50,0x00003CB4,132999172768776892
API,OK,0,kernel32.dll,BOOL IsDBCSLeadByte(BYTE TestChar),0x00003C50,0x00003CB4,132999172768776907
API,*,0,kernel32.dll,BOOL IsDBCSLeadByte(BYTE TestChar),0x00003C50,0x00003CB4,132999172768776921
API,OK,0,kernel32.dll,BOOL IsDBCSLeadByte(BYTE TestChar),0x00003C50,0x00003CB4,132999172768776937
API,*,0,kernel32.dll,BOOL IsDBCSLeadByte(BYTE TestChar),0x00003C50,0x00003CB4,132999172768776954
API,OK,0,kernel32.dll,BOOL IsDBCSLeadByte(BYTE TestChar),0x00003C50,0x00003CB4,132999172768776970
API,*,0,kernel32.dll,BOOL IsDBCSLeadByte(BYTE TestChar),0x00003C50,0x00003CB4,132999172768776986
API,OK,0,kernel32.dll,BOOL IsDBCSLeadByte(BYTE TestChar),0x00003C50,0x00003CB4,132999172768777004
API,*,0,kernel32.dll,BOOL IsDBCSLeadByte(BYTE TestChar),0x00003C50,0x00003CB4,132999172768777021
API,OK,0,kernel32.dll,BOOL IsDBCSLeadByte(BYTE TestChar),0x00003C50,0x00003CB4,132999172768777035
API,*,0,kernel32.dll,BOOL IsDBCSLeadByte(BYTE TestChar),0x00003C50,0x00003CB4,132999172768777049
API,OK,0,kernel32.dll,BOOL IsDBCSLeadByte(BYTE TestChar),0x00003C50,0x00003CB4,132999172768777064
API,*,0,kernel32.dll,BOOL IsDBCSLeadByte(BYTE TestChar),0x00003C50,0x00003CB4,132999172768777078
API,OK,0,kernel32.dll,BOOL IsDBCSLeadByte(BYTE TestChar),0x00003C50,0x00003CB4,132999172768777092
API,*,0,kernel32.dll,BOOL IsDBCSLeadByte(BYTE TestChar),0x00003C50,0x00003CB4,132999172768777120
API,OK,0,kernel32.dll,BOOL IsDBCSLeadByte(BYTE TestChar),0x00003C50,0x00003CB4,132999172768777134
API,*,0,kernel32.dll,BOOL IsDBCSLeadByte(BYTE TestChar),0x00003C50,0x00003CB4,132999172768777159
API,OK,0,kernel32.dll,BOOL IsDBCSLeadByte(BYTE TestChar),0x00003C50,0x00003CB4,132999172768777180
API,*,0,kernel32.dll,BOOL IsDBCSLeadByte(BYTE TestChar),0x00003C50,0x00003CB4,132999172768777194
API,OK,0,kernel32.dll,BOOL IsDBCSLeadByte(BYTE TestChar),0x00003C50,0x00003CB4,132999172768777208
API,*,0,kernel32.dll,BOOL IsDBCSLeadByte(BYTE TestChar),0x00003C50,0x00003CB4,132999172768777259
API,OK,0,kernel32.dll,BOOL IsDBCSLeadByte(BYTE TestChar),0x00003C50,0x00003CB4,132999172768777275
API,*,0,kernel32.dll,BOOL IsDBCSLeadByte(BYTE TestChar),0x00003C50,0x00003CB4,132999172768777289
API,OK,0,kernel32.dll,BOOL IsDBCSLeadByte(BYTE TestChar),0x00003C50,0x00003CB4,132999172768777306
API,*,0,kernel32.dll,BOOL IsDBCSLeadByte(BYTE TestChar),0x00003C50,0x00003CB4,132999172768777322
API,OK,0,kernel32.dll,BOOL IsDBCSLeadByte(BYTE TestChar),0x00003C50,0x00003CB4,132999172768777336
API,*,0,kernel32.dll,BOOL IsDBCSLeadByte(BYTE TestChar),0x00003C50,0x00003CB4,132999172768777351
API,OK,0,kernel32.dll,BOOL IsDBCSLeadByte(BYTE TestChar),0x00003C50,0x00003CB4,132999172768777366
API,*,0,kernel32.dll,BOOL IsDBCSLeadByte(BYTE TestChar),0x00003C50,0x00003CB4,132999172768777381
API,OK,0,kernel32.dll,BOOL IsDBCSLeadByte(BYTE TestChar),0x00003C50,0x00003CB4,132999172768777395
API,*,0,kernel32.dll,BOOL IsDBCSLeadByte(BYTE TestChar),0x00003C50,0x00003CB4,132999172768777411
API,OK,0,kernel32.dll,BOOL IsDBCSLeadByte(BYTE TestChar),0x00003C50,0x00003CB4,132999172768777428
API,*,0,kernel32.dll,BOOL IsDBCSLeadByte(BYTE TestChar),0x00003C50,0x00003CB4,132999172768777443
API,OK,0,kernel32.dll,BOOL IsDBCSLeadByte(BYTE TestChar),0x00003C50,0x00003CB4,132999172768777459
API,*,0,kernel32.dll,BOOL IsDBCSLeadByte(BYTE TestChar),0x00003C50,0x00003CB4,132999172768777473
API,OK,0,kernel32.dll,BOOL IsDBCSLeadByte(BYTE TestChar),0x00003C50,0x00003CB4,132999172768777487
API,*,0,kernel32.dll,BOOL IsDBCSLeadByte(BYTE TestChar),0x00003C50,0x00003CB4,132999172768777502
API,OK,0,kernel32.dll,BOOL IsDBCSLeadByte(BYTE TestChar),0x00003C50,0x00003CB4,132999172768777516
API,*,0,kernel32.dll,BOOL IsDBCSLeadByte(BYTE TestChar),0x00003C50,0x00003CB4,132999172768777530
API,OK,0,kernel32.dll,BOOL IsDBCSLeadByte(BYTE TestChar),0x00003C50,0x00003CB4,132999172768777544
API,*,0,kernel32.dll,BOOL IsDBCSLeadByte(BYTE TestChar),0x00003C50,0x00003CB4,132999172768777558
API,OK,0,kernel32.dll,BOOL IsDBCSLeadByte(BYTE TestChar),0x00003C50,0x00003CB4,132999172768777573
API,*,0,kernel32.dll,BOOL IsDBCSLeadByte(BYTE TestChar),0x00003C50,0x00003CB4,132999172768777587
API,OK,0,kernel32.dll,BOOL IsDBCSLeadByte(BYTE TestChar),0x00003C50,0x00003CB4,132999172768777602
API,*,0,kernel32.dll,BOOL IsDBCSLeadByte(BYTE TestChar),0x00003C50,0x00003CB4,132999172768777616
API,OK,0,kernel32.dll,BOOL IsDBCSLeadByte(BYTE TestChar),0x00003C50,0x00003CB4,132999172768777631
API,*,0,kernel32.dll,BOOL IsDBCSLeadByte(BYTE TestChar),0x00003C50,0x00003CB4,132999172768777645
API,OK,0,kernel32.dll,BOOL IsDBCSLeadByte(BYTE TestChar),0x00003C50,0x00003CB4,132999172768777659
API,*,0,kernel32.dll,BOOL IsDBCSLeadByte(BYTE TestChar),0x00003C50,0x00003CB4,132999172768777673
API,OK,0,kernel32.dll,BOOL IsDBCSLeadByte(BYTE TestChar),0x00003C50,0x00003CB4,132999172768777687
API,*,0,kernel32.dll,BOOL IsDBCSLeadByte(BYTE TestChar),0x00003C50,0x00003CB4,132999172768777714
API,OK,0,kernel32.dll,BOOL IsDBCSLeadByte(BYTE TestChar),0x00003C50,0x00003CB4,132999172768777729
API,*,0,kernel32.dll,BOOL IsDBCSLeadByte(BYTE TestChar),0x00003C50,0x00003CB4,132999172768777743
API,OK,0,kernel32.dll,BOOL IsDBCSLeadByte(BYTE TestChar),0x00003C50,0x00003CB4,132999172768777758
API,*,0,kernel32.dll,BOOL IsDBCSLeadByte(BYTE TestChar),0x00003C50,0x00003CB4,132999172768777772
API,OK,0,kernel32.dll,BOOL IsDBCSLeadByte(BYTE TestChar),0x00003C50,0x00003CB4,132999172768777787
API,*,0,kernel32.dll,BOOL IsDBCSLeadByte(BYTE TestChar),0x00003C50,0x00003CB4,132999172768777801
API,OK,0,kernel32.dll,BOOL IsDBCSLeadByte(BYTE TestChar),0x00003C50,0x00003CB4,132999172768777815
API,*,0,kernel32.dll,BOOL IsDBCSLeadByte(BYTE TestChar),0x00003C50,0x00003CB4,132999172768777829
API,OK,0,kernel32.dll,BOOL IsDBCSLeadByte(BYTE TestChar),0x00003C50,0x00003CB4,132999172768777843
API,*,0,kernel32.dll,BOOL IsDBCSLeadByte(BYTE TestChar),0x00003C50,0x00003CB4,132999172768777857
API,OK,0,kernel32.dll,BOOL IsDBCSLeadByte(BYTE TestChar),0x00003C50,0x00003CB4,132999172768777872
API,*,0,kernel32.dll,BOOL IsDBCSLeadByte(BYTE TestChar),0x00003C50,0x00003CB4,132999172768777886
API,OK,0,kernel32.dll,BOOL IsDBCSLeadByte(BYTE TestChar),0x00003C50,0x00003CB4,132999172768777900
API,*,0,kernel32.dll,BOOL IsDBCSLeadByte(BYTE TestChar),0x00003C50,0x00003CB4,132999172768777914
API,OK,0,kernel32.dll,BOOL IsDBCSLeadByte(BYTE TestChar),0x00003C50,0x00003CB4,132999172768777929
API,*,0,kernel32.dll,BOOL IsDBCSLeadByte(BYTE TestChar),0x00003C50,0x00003CB4,132999172768777943
API,OK,0,kernel32.dll,BOOL IsDBCSLeadByte(BYTE TestChar),0x00003C50,0x00003CB4,132999172768777957
API,*,0,kernel32.dll,BOOL IsDBCSLeadByte(BYTE TestChar),0x00003C50,0x00003CB4,132999172768777972
API,OK,0,kernel32.dll,BOOL IsDBCSLeadByte(BYTE TestChar),0x00003C50,0x00003CB4,132999172768777986
API,*,0,kernel32.dll,BOOL IsDBCSLeadByte(BYTE TestChar),0x00003C50,0x00003CB4,132999172768778000
API,OK,0,kernel32.dll,BOOL IsDBCSLeadByte(BYTE TestChar),0x00003C50,0x00003CB4,132999172768778014
API,*,0,kernel32.dll,BOOL IsDBCSLeadByte(BYTE TestChar),0x00003C50,0x00003CB4,132999172768778028
API,OK,0,kernel32.dll,BOOL IsDBCSLeadByte(BYTE TestChar),0x00003C50,0x00003CB4,132999172768778042
API,*,0,kernel32.dll,BOOL IsDBCSLeadByte(BYTE TestChar),0x00003C50,0x00003CB4,132999172768778056
API,OK,0,kernel32.dll,BOOL IsDBCSLeadByte(BYTE TestChar),0x00003C50,0x00003CB4,132999172768778071
API,*,0,kernel32.dll,BOOL IsDBCSLeadByte(BYTE TestChar),0x00003C50,0x00003CB4,132999172768778085
API,OK,0,kernel32.dll,BOOL IsDBCSLeadByte(BYTE TestChar),0x00003C50,0x00003CB4,132999172768778100
API,*,0,kernel32.dll,BOOL IsDBCSLeadByte(BYTE TestChar),0x00003C50,0x00003CB4,132999172768778114
API,OK,0,kernel32.dll,BOOL IsDBCSLeadByte(BYTE TestChar),0x00003C50,0x00003CB4,132999172768778128
API,*,0,kernel32.dll,BOOL IsDBCSLeadByte(BYTE TestChar),0x00003C50,0x00003CB4,132999172768778142
API,OK,0,kernel32.dll,BOOL IsDBCSLeadByte(BYTE TestChar),0x00003C50,0x00003CB4,132999172768778156
API,*,0,kernel32.dll,BOOL IsDBCSLeadByte(BYTE TestChar),0x00003C50,0x00003CB4,132999172768778170
API,OK,0,kernel32.dll,BOOL IsDBCSLeadByte(BYTE TestChar),0x00003C50,0x00003CB4,132999172768778185
API,*,0,kernel32.dll,BOOL IsDBCSLeadByte(BYTE TestChar),0x00003C50,0x00003CB4,132999172768778199
API,OK,0,kernel32.dll,BOOL IsDBCSLeadByte(BYTE TestChar),0x00003C50,0x00003CB4,132999172768778213
API,*,0,kernel32.dll,BOOL IsDBCSLeadByte(BYTE TestChar),0x00003C50,0x00003CB4,132999172768778227
API,OK,0,kernel32.dll,BOOL IsDBCSLeadByte(BYTE TestChar),0x00003C50,0x00003CB4,132999172768778241
API,*,0,kernel32.dll,BOOL IsDBCSLeadByte(BYTE TestChar),0x00003C50,0x00003CB4,132999172768778256
API,OK,0,kernel32.dll,BOOL IsDBCSLeadByte(BYTE TestChar),0x00003C50,0x00003CB4,132999172768778270
API,*,0,kernel32.dll,BOOL IsDBCSLeadByte(BYTE TestChar),0x00003C50,0x00003CB4,132999172768778284
API,OK,0,kernel32.dll,BOOL IsDBCSLeadByte(BYTE TestChar),0x00003C50,0x00003CB4,132999172768778299
API,*,0,kernel32.dll,BOOL IsDBCSLeadByte(BYTE TestChar),0x00003C50,0x00003CB4,132999172768778313
API,OK,0,kernel32.dll,BOOL IsDBCSLeadByte(BYTE TestChar),0x00003C50,0x00003CB4,132999172768778327
API,*,0,kernel32.dll,BOOL IsDBCSLeadByte(BYTE TestChar),0x00003C50,0x00003CB4,132999172768778341
API,OK,0,kernel32.dll,BOOL IsDBCSLeadByte(BYTE TestChar),0x00003C50,0x00003CB4,132999172768778356
API,*,0,kernel32.dll,BOOL IsDBCSLeadByte(BYTE TestChar),0x00003C50,0x00003CB4,132999172768778370
API,OK,0,kernel32.dll,BOOL IsDBCSLeadByte(BYTE TestChar),0x00003C50,0x00003CB4,132999172768778384
API,*,0,kernel32.dll,BOOL IsDBCSLeadByte(BYTE TestChar),0x00003C50,0x00003CB4,132999172768778398
API,OK,0,kernel32.dll,BOOL IsDBCSLeadByte(BYTE TestChar),0x00003C50,0x00003CB4,132999172768778412
API,*,0,kernel32.dll,BOOL IsDBCSLeadByte(BYTE TestChar),0x00003C50,0x00003CB4,132999172768778427
API,OK,0,kernel32.dll,BOOL IsDBCSLeadByte(BYTE TestChar),0x00003C50,0x00003CB4,132999172768778441
API,*,0,kernel32.dll,BOOL IsDBCSLeadByte(BYTE TestChar),0x00003C50,0x00003CB4,132999172768778455
API,OK,0,kernel32.dll,BOOL IsDBCSLeadByte(BYTE TestChar),0x00003C50,0x00003CB4,132999172768778469
API,*,0,kernel32.dll,BOOL IsDBCSLeadByte(BYTE TestChar),0x00003C50,0x00003CB4,132999172768778483
API,OK,0,kernel32.dll,BOOL IsDBCSLeadByte(BYTE TestChar),0x00003C50,0x00003CB4,132999172768778498
API,*,0,kernel32.dll,BOOL IsDBCSLeadByte(BYTE TestChar),0x00003C50,0x00003CB4,132999172768778511
API,OK,0,kernel32.dll,BOOL IsDBCSLeadByte(BYTE TestChar),0x00003C50,0x00003CB4,132999172768778526
API,*,0,kernel32.dll,BOOL IsDBCSLeadByte(BYTE TestChar),0x00003C50,0x00003CB4,132999172768778541
API,OK,0,kernel32.dll,BOOL IsDBCSLeadByte(BYTE TestChar),0x00003C50,0x00003CB4,132999172768778555
API,*,0,kernel32.dll,BOOL IsDBCSLeadByte(BYTE TestChar),0x00003C50,0x00003CB4,132999172768778569
API,OK,0,kernel32.dll,BOOL IsDBCSLeadByte(BYTE TestChar),0x00003C50,0x00003CB4,132999172768778583
API,*,0,kernel32.dll,BOOL IsDBCSLeadByte(BYTE TestChar),0x00003C50,0x00003CB4,132999172768778597
API,OK,0,kernel32.dll,BOOL IsDBCSLeadByte(BYTE TestChar),0x00003C50,0x00003CB4,132999172768778611
API,*,0,kernel32.dll,BOOL IsDBCSLeadByte(BYTE TestChar),0x00003C50,0x00003CB4,132999172768778625
API,OK,0,kernel32.dll,BOOL IsDBCSLeadByte(BYTE TestChar),0x00003C50,0x00003CB4,132999172768778640
API,*,0,kernel32.dll,BOOL IsDBCSLeadByte(BYTE TestChar),0x00003C50,0x00003CB4,132999172768778654
API,OK,0,kernel32.dll,BOOL IsDBCSLeadByte(BYTE TestChar),0x00003C50,0x00003CB4,132999172768778668
API,*,0,kernel32.dll,BOOL IsDBCSLeadByte(BYTE TestChar),0x00003C50,0x00003CB4,132999172768778683
API,OK,0,kernel32.dll,BOOL IsDBCSLeadByte(BYTE TestChar),0x00003C50,0x00003CB4,132999172768778697
API,*,0,kernel32.dll,BOOL IsDBCSLeadByte(BYTE TestChar),0x00003C50,0x00003CB4,132999172768778711
API,OK,0,kernel32.dll,BOOL IsDBCSLeadByte(BYTE TestChar),0x00003C50,0x00003CB4,132999172768778725
API,*,0,kernel32.dll,BOOL IsDBCSLeadByte(BYTE TestChar),0x00003C50,0x00003CB4,132999172768778739
API,OK,0,kernel32.dll,BOOL IsDBCSLeadByte(BYTE TestChar),0x00003C50,0x00003CB4,132999172768778754
API,*,0,kernel32.dll,BOOL IsDBCSLeadByte(BYTE TestChar),0x00003C50,0x00003CB4,132999172768778768
API,OK,0,kernel32.dll,BOOL IsDBCSLeadByte(BYTE TestChar),0x00003C50,0x00003CB4,132999172768778782
API,*,0,kernel32.dll,BOOL IsDBCSLeadByte(BYTE TestChar),0x00003C50,0x00003CB4,132999172768778796
API,OK,0,kernel32.dll,BOOL IsDBCSLeadByte(BYTE TestChar),0x00003C50,0x00003CB4,132999172768778811
API,*,0,kernel32.dll,BOOL IsDBCSLeadByte(BYTE TestChar),0x00003C50,0x00003CB4,132999172768778825
API,OK,0,kernel32.dll,BOOL IsDBCSLeadByte(BYTE TestChar),0x00003C50,0x00003CB4,132999172768778839
API,*,0,kernel32.dll,BOOL IsDBCSLeadByte(BYTE TestChar),0x00003C50,0x00003CB4,132999172768778853
API,OK,0,kernel32.dll,BOOL IsDBCSLeadByte(BYTE TestChar),0x00003C50,0x00003CB4,132999172768778868
API,*,0,kernel32.dll,BOOL IsDBCSLeadByte(BYTE TestChar),0x00003C50,0x00003CB4,132999172768778882
API,OK,0,kernel32.dll,BOOL IsDBCSLeadByte(BYTE TestChar),0x00003C50,0x00003CB4,132999172768778897
API,*,0,kernel32.dll,BOOL IsDBCSLeadByte(BYTE TestChar),0x00003C50,0x00003CB4,132999172768778911
API,FAIL,0000,kernel32.dll,BOOL IsDBCSLeadByte(BYTE TestChar),0x00003C50,0x00003CB4,132999172768778927
API,*,0,kernel32.dll,DWORD TlsAlloc(void),0x00003C50,0x00003CB4,132999172768778982
API,OK,0,kernel32.dll,DWORD TlsAlloc(void),0x00003C50,0x00003CB4,132999172768779013
API,*,0,kernel32.dll,"BOOL InitializeCriticalSectionAndSpinCount(LPCRITICAL_SECTION lpCriticalSection,DWORD dwSpinCount)",0x00003C50,0x00003CB4,132999172768779032
API,OK,0,kernel32.dll,"BOOL InitializeCriticalSectionAndSpinCount(LPCRITICAL_SECTION lpCriticalSection,DWORD dwSpinCount)",0x00003C50,0x00003CB4,132999172768779052
API,*,0,kernel32.dll,"BOOL InitializeCriticalSectionAndSpinCount(LPCRITICAL_SECTION lpCriticalSection,DWORD dwSpinCount)",0x00003C50,0x00003CB4,132999172768779071
API,OK,0,kernel32.dll,"BOOL InitializeCriticalSectionAndSpinCount(LPCRITICAL_SECTION lpCriticalSection,DWORD dwSpinCount)",0x00003C50,0x00003CB4,132999172768779089
API,*,0,kernel32.dll,"BOOL InitializeCriticalSectionAndSpinCount(LPCRITICAL_SECTION lpCriticalSection,DWORD dwSpinCount)",0x00003C50,0x00003CB4,132999172768779108
API,OK,0,kernel32.dll,"BOOL InitializeCriticalSectionAndSpinCount(LPCRITICAL_SECTION lpCriticalSection,DWORD dwSpinCount)",0x00003C50,0x00003CB4,132999172768779126
API,*,0,kernel32.dll,"DWORD GetEnvironmentVariableA(LPCSTR lpName,LPSTR lpBuffer,DWORD nSize)",0x00003C50,0x00003CB4,132999172768779148
API,OK,0,kernel32.dll,"DWORD GetEnvironmentVariableA(LPCSTR lpName,LPSTR lpBuffer,DWORD nSize)",0x00003C50,0x00003CB4,132999172768779271
API,*,0,kernel32.dll,"DWORD GetEnvironmentVariableA(LPCSTR lpName,LPSTR lpBuffer,DWORD nSize)",0x00003C50,0x00003CB4,132999172768779288
API,OK,0,kernel32.dll,"DWORD GetEnvironmentVariableA(LPCSTR lpName,LPSTR lpBuffer,DWORD nSize)",0x00003C50,0x00003CB4,132999172768779314
API,*,0,kernel32.dll,HANDLE GetCurrentProcess(void),0x00003C50,0x00003CB4,132999172768779333
API,FAIL,00CB,kernel32.dll,HANDLE GetCurrentProcess(void),0x00003C50,0x00003CB4,132999172768779349
API,*,0,kernel32.dll,"BOOL IsWow64Process(HANDLE hProcess,PBOOL Wow64Process)",0x00003C50,0x00003CB4,132999172768779365
API,OK,0,kernel32.dll,"BOOL IsWow64Process(HANDLE hProcess,PBOOL Wow64Process)",0x00003C50,0x00003CB4,132999172768779382
API,*,0,kernel32.dll,"DWORD GetEnvironmentVariableA(LPCSTR lpName,LPSTR lpBuffer,DWORD nSize)",0x00003C50,0x00003CB4,132999172768779398
API,OK,0,kernel32.dll,"DWORD GetEnvironmentVariableA(LPCSTR lpName,LPSTR lpBuffer,DWORD nSize)",0x00003C50,0x00003CB4,132999172768779422
API,*,0,kernel32.dll,"BOOL InitializeCriticalSectionAndSpinCount(LPCRITICAL_SECTION lpCriticalSection,DWORD dwSpinCount)",0x00003C50,0x00003CB4,132999172768779444
API,OK,0,kernel32.dll,"BOOL InitializeCriticalSectionAndSpinCount(LPCRITICAL_SECTION lpCriticalSection,DWORD dwSpinCount)",0x00003C50,0x00003CB4,132999172768779462
API,*,0,kernel32.dll,"BOOL InitializeCriticalSectionAndSpinCount(LPCRITICAL_SECTION lpCriticalSection,DWORD dwSpinCount)",0x00003C50,0x00003CB4,132999172768779480
API,OK,0,kernel32.dll,"BOOL InitializeCriticalSectionAndSpinCount(LPCRITICAL_SECTION lpCriticalSection,DWORD dwSpinCount)",0x00003C50,0x00003CB4,132999172768779498
API,*,0,kernel32.dll,"BOOL InitializeCriticalSectionAndSpinCount(LPCRITICAL_SECTION lpCriticalSection,DWORD dwSpinCount)",0x00003C50,0x00003CB4,132999172768779516
API,OK,0,kernel32.dll,"BOOL InitializeCriticalSectionAndSpinCount(LPCRITICAL_SECTION lpCriticalSection,DWORD dwSpinCount)",0x00003C50,0x00003CB4,132999172768779534
API,*,0,advapi32.dll,"LSTATUS RegOpenKeyExA(HKEY hKey,LPCSTR lpSubKey,DWORD ulOptions,REGSAM samDesired,PHKEY phkResult)",0x00003C50,0x00003CB4,132999172768779577
API,OK,0,advapi32.dll,"LSTATUS RegOpenKeyExA(HKEY hKey,LPCSTR lpSubKey,DWORD ulOptions,REGSAM samDesired,PHKEY phkResult)",0x00003C50,0x00003CB4,132999172768779808
API,*,0,kernel32.dll,void InitializeSListHead(PSLIST_HEADER ListHead),0x00003C50,0x00003CB4,132999172769531248
API,OK,0,kernel32.dll,void InitializeSListHead(PSLIST_HEADER ListHead),0x00003C50,0x00003CB4,132999172769531268
API,*,0,kernel32.dll,"BOOL InitializeCriticalSectionAndSpinCount(LPCRITICAL_SECTION lpCriticalSection,DWORD dwSpinCount)",0x00003C50,0x00003CB4,132999172769531362
API,OK,0,kernel32.dll,"BOOL InitializeCriticalSectionAndSpinCount(LPCRITICAL_SECTION lpCriticalSection,DWORD dwSpinCount)",0x00003C50,0x00003CB4,132999172769531383
API,*,0,kernel32.dll,HMODULE GetModuleHandleW(LPCWSTR lpModuleName),0x00003C50,0x00003CB4,132999172769531402
API,OK,0,kernel32.dll,HMODULE GetModuleHandleW(LPCWSTR lpModuleName),0x00003C50,0x00003CB4,132999172769531446
STR,OK,0,lpModuleName,api-ms-win-core-synch-l1-2-0.dll,0x00003C50,0x00003CB4,132999172769531466
API,*,0,kernel32.dll,void InitializeConditionVariable(PCONDITION_VARIABLE ConditionVariable),0x00003C50,0x00003CB4,132999172769531734
API,OK,0,kernel32.dll,void InitializeConditionVariable(PCONDITION_VARIABLE ConditionVariable),0x00003C50,0x00003CB4,132999172769531752
API,*,0,kernel32.dll,HANDLE GetCurrentThread(void),0x00003C50,0x00003CB4,132999172769538253
API,OK,0,kernel32.dll,HANDLE GetCurrentThread(void),0x00003C50,0x00003CB4,132999172769538272
API,*,0,kernel32.dll,"DWORD QueueUserAPC(PAPCFUNC pfnAPC,HANDLE hThread,ULONG_PTR dwData)",0x00003C50,0x00003CB4,132999172769538292
API,OK,0,kernel32.dll,"DWORD QueueUserAPC(PAPCFUNC pfnAPC,HANDLE hThread,ULONG_PTR dwData)",0x00003C50,0x00003CB4,132999172769538335
API,*,0,kernel32.dll,DWORD FlsAlloc(PFLS_CALLBACK_FUNCTION lpCallback),0x00003C50,0x00003CB4,132999172769545319
API,OK,0,kernel32.dll,DWORD FlsAlloc(PFLS_CALLBACK_FUNCTION lpCallback),0x00003C50,0x00003CB4,132999172769545344
API,*,0,kernel32.dll,void InitializeSListHead(PSLIST_HEADER ListHead),0x00003C50,0x00003CB4,132999172769548010
API,OK,0,kernel32.dll,void InitializeSListHead(PSLIST_HEADER ListHead),0x00003C50,0x00003CB4,132999172769548028
API,*,0,kernel32.dll,LPTOP_LEVEL_EXCEPTION_FILTER SetUnhandledExceptionFilter(LPTOP_LEVEL_EXCEPTION_FILTER lpTopLevelExceptionFilter),0x00003C50,0x00003CB4,132999172769548060
API,OK,0,kernel32.dll,LPTOP_LEVEL_EXCEPTION_FILTER SetUnhandledExceptionFilter(LPTOP_LEVEL_EXCEPTION_FILTER lpTopLevelExceptionFilter),0x00003C50,0x00003CB4,132999172769548191
API,*,0,kernel32.dll,PVOID EncodeSystemPointer(PVOID Ptr),0x00003C50,0x00003CB4,132999172769614002
API,OK,0,kernel32.dll,PVOID EncodeSystemPointer(PVOID Ptr),0x00003C50,0x00003CB4,132999172769614033
API,*,0,kernel32.dll,PVOID EncodeSystemPointer(PVOID Ptr),0x00003C50,0x00003CB4,132999172769614048
API,OK,0,kernel32.dll,PVOID EncodeSystemPointer(PVOID Ptr),0x00003C50,0x00003CB4,132999172769614062
API,*,0,kernel32.dll,PVOID EncodeSystemPointer(PVOID Ptr),0x00003C50,0x00003CB4,132999172769614076
API,OK,0,kernel32.dll,PVOID EncodeSystemPointer(PVOID Ptr),0x00003C50,0x00003CB4,132999172769614091
API,*,0,kernel32.dll,PVOID EncodeSystemPointer(PVOID Ptr),0x00003C50,0x00003CB4,132999172769614106
API,OK,0,kernel32.dll,PVOID EncodeSystemPointer(PVOID Ptr),0x00003C50,0x00003CB4,132999172769614120
API,*,0,kernel32.dll,PVOID EncodeSystemPointer(PVOID Ptr),0x00003C50,0x00003CB4,132999172769614135
API,OK,0,kernel32.dll,PVOID EncodeSystemPointer(PVOID Ptr),0x00003C50,0x00003CB4,132999172769614149
API,*,0,kernel32.dll,PVOID EncodeSystemPointer(PVOID Ptr),0x00003C50,0x00003CB4,132999172769614164
API,OK,0,kernel32.dll,PVOID EncodeSystemPointer(PVOID Ptr),0x00003C50,0x00003CB4,132999172769614178
API,*,0,kernel32.dll,PVOID EncodeSystemPointer(PVOID Ptr),0x00003C50,0x00003CB4,132999172769614192
API,OK,0,kernel32.dll,PVOID EncodeSystemPointer(PVOID Ptr),0x00003C50,0x00003CB4,132999172769614207
API,*,0,kernel32.dll,PVOID DecodeSystemPointer(PVOID Ptr),0x00003C50,0x00003CB4,132999172769614227
API,OK,0,kernel32.dll,PVOID DecodeSystemPointer(PVOID Ptr),0x00003C50,0x00003CB4,132999172769614243
API,*,0,kernel32.dll,PVOID DecodeSystemPointer(PVOID Ptr),0x00003C50,0x00003CB4,132999172769614258
API,OK,0,kernel32.dll,PVOID DecodeSystemPointer(PVOID Ptr),0x00003C50,0x00003CB4,132999172769614272
API,*,0,kernel32.dll,PVOID DecodeSystemPointer(PVOID Ptr),0x00003C50,0x00003CB4,132999172769614287
API,OK,0,kernel32.dll,PVOID DecodeSystemPointer(PVOID Ptr),0x00003C50,0x00003CB4,132999172769614301
API,*,0,kernel32.dll,PVOID DecodeSystemPointer(PVOID Ptr),0x00003C50,0x00003CB4,132999172769614315
API,OK,0,kernel32.dll,PVOID DecodeSystemPointer(PVOID Ptr),0x00003C50,0x00003CB4,132999172769614330
API,*,0,kernel32.dll,PVOID DecodeSystemPointer(PVOID Ptr),0x00003C50,0x00003CB4,132999172769614411
API,OK,0,kernel32.dll,PVOID DecodeSystemPointer(PVOID Ptr),0x00003C50,0x00003CB4,132999172769614425
API,*,0,kernel32.dll,HMODULE GetModuleHandleW(LPCWSTR lpModuleName),0x00003C50,0x00003CB4,132999172782885330
API,OK,0,kernel32.dll,HMODULE GetModuleHandleW(LPCWSTR lpModuleName),0x00003C50,0x00003CB4,132999172782885357
STR,OK,0,lpModuleName,NULL,0x00003C50,0x00003CB4,132999172782885377
API,*,0,kernel32.dll,LPVOID TlsGetValue(DWORD dwTlsIndex),0x00003C50,0x00003CB4,132999172783020759
API,FAIL,0000,kernel32.dll,LPVOID TlsGetValue(DWORD dwTlsIndex),0x00003C50,0x00003CB4,132999172783020787
API,*,0,kernel32.dll,BOOL TlsFree(DWORD dwTlsIndex),0x00003C50,0x00003CB4,132999172783020815
API,OK,0,kernel32.dll,BOOL TlsFree(DWORD dwTlsIndex),0x00003C50,0x00003CB4,132999172783020864
API,*,0,kernel32.dll,HMODULE GetModuleHandleW(LPCWSTR lpModuleName),0x00003C50,0x00003CB4,132999172783020902
API,OK,0,kernel32.dll,HMODULE GetModuleHandleW(LPCWSTR lpModuleName),0x00003C50,0x00003CB4,132999172783020930
STR,OK,0,lpModuleName,ntdll.dll,0x00003C50,0x00003CB4,132999172783020949
API,*,0,kernel32.dll,HMODULE GetModuleHandleW(LPCWSTR lpModuleName),0x00003C50,0x00003CB4,132999172783022067
API,OK,0,kernel32.dll,HMODULE GetModuleHandleW(LPCWSTR lpModuleName),0x00003C50,0x00003CB4,132999172783022093
STR,OK,0,lpModuleName,ntdll.dll,0x00003C50,0x00003CB4,132999172783022109
API,*,0,kernel32.dll,PVOID DecodePointer(PVOID Ptr),0x00003C50,0x00003CB4,132999172783023967
API,OK,0,kernel32.dll,PVOID DecodePointer(PVOID Ptr),0x00003C50,0x00003CB4,132999172783023985
API,*,0,kernel32.dll,PVOID DecodePointer(PVOID Ptr),0x00003C50,0x00003CB4,132999172783024002
API,OK,0,kernel32.dll,PVOID DecodePointer(PVOID Ptr),0x00003C50,0x00003CB4,132999172783024017
API,*,0,kernel32.dll,PVOID EncodePointer(PVOID Ptr),0x00003C50,0x00003CB4,132999172783024035
API,OK,0,kernel32.dll,PVOID EncodePointer(PVOID Ptr),0x00003C50,0x00003CB4,132999172783024052
API,*,0,kernel32.dll,PVOID DecodePointer(PVOID Ptr),0x00003C50,0x00003CB4,132999172783024067
API,OK,0,kernel32.dll,PVOID DecodePointer(PVOID Ptr),0x00003C50,0x00003CB4,132999172783024081
API,*,0,kernel32.dll,PVOID EncodePointer(PVOID Ptr),0x00003C50,0x00003CB4,132999172783024096
API,OK,0,kernel32.dll,PVOID EncodePointer(PVOID Ptr),0x00003C50,0x00003CB4,132999172783024110
API,*,0,kernel32.dll,PVOID DecodePointer(PVOID Ptr),0x00003C50,0x00003CB4,132999172783024153
API,OK,0,kernel32.dll,PVOID DecodePointer(PVOID Ptr),0x00003C50,0x00003CB4,132999172783024168
API,*,0,kernel32.dll,PVOID DecodePointer(PVOID Ptr),0x00003C50,0x00003CB4,132999172783024189
API,OK,0,kernel32.dll,PVOID DecodePointer(PVOID Ptr),0x00003C50,0x00003CB4,132999172783024204
API,*,0,kernel32.dll,PVOID DecodePointer(PVOID Ptr),0x00003C50,0x00003CB4,132999172783024218
API,OK,0,kernel32.dll,PVOID DecodePointer(PVOID Ptr),0x00003C50,0x00003CB4,132999172783024233
