Msg Type,Result,Error Code,ModuleName,Prototype,ProcessId,ThreadId,Time
API,*,0,kernel32.dll,void GetStartupInfoW(LPSTARTUPINFOW lpStartupInfo),0x00001298,0x00000724,132999173687396343
API,OK,0,kernel32.dll,void GetStartupInfoW(LPSTARTUPINFOW lpStartupInfo),0x00001298,0x00000724,132999173687396386
API,*,0,kernel32.dll,HANDLE GetStdHandle(DWORD nStdHandle),0x00001298,0x00000724,132999173687396429
API,OK,0,kernel32.dll,HANDLE GetStdHandle(DWORD nStdHandle),0x00001298,0x00000724,132999173687396458
API,*,0,kernel32.dll,DWORD GetFileType(HANDLE hFile),0x00001298,0x00000724,132999173687396477
API,OK,0,kernel32.dll,DWORD GetFileType(HANDLE hFile),0x00001298,0x00000724,132999173687396517
API,*,0,kernel32.dll,"BOOL InitializeCriticalSectionAndSpinCount(LPCRITICAL_SECTION lpCriticalSection,DWORD dwSpinCount)",0x00001298,0x00000724,132999173687396542
API,OK,0,kernel32.dll,"BOOL InitializeCriticalSectionAndSpinCount(LPCRITICAL_SECTION lpCriticalSection,DWORD dwSpinCount)",0x00001298,0x00000724,132999173687396565
API,*,0,kernel32.dll,HANDLE GetStdHandle(DWORD nStdHandle),0x00001298,0x00000724,132999173687396580
API,OK,0,kernel32.dll,HANDLE GetStdHandle(DWORD nStdHandle),0x00001298,0x00000724,132999173687396595
API,*,0,kernel32.dll,DWORD GetFileType(HANDLE hFile),0x00001298,0x00000724,132999173687396609
API,OK,0,kernel32.dll,DWORD GetFileType(HANDLE hFile),0x00001298,0x00000724,132999173687396629
API,*,0,kernel32.dll,"BOOL InitializeCriticalSectionAndSpinCount(LPCRITICAL_SECTION lpCriticalSection,DWORD dwSpinCount)",0x00001298,0x00000724,132999173687396647
API,OK,0,kernel32.dll,"BOOL InitializeCriticalSectionAndSpinCount(LPCRITICAL_SECTION lpCriticalSection,DWORD dwSpinCount)",0x00001298,0x00000724,132999173687396665
API,*,0,kernel32.dll,HANDLE GetStdHandle(DWORD nStdHandle),0x00001298,0x00000724,132999173687396679
API,OK,0,kernel32.dll,HANDLE GetStdHandle(DWORD nStdHandle),0x00001298,0x00000724,132999173687396694
API,*,0,kernel32.dll,DWORD GetFileType(HANDLE hFile),0x00001298,0x00000724,132999173687396708
API,OK,0,kernel32.dll,DWORD GetFileType(HANDLE hFile),0x00001298,0x00000724,132999173687396726
API,*,0,kernel32.dll,"BOOL InitializeCriticalSectionAndSpinCount(LPCRITICAL_SECTION lpCriticalSection,DWORD dwSpinCount)",0x00001298,0x00000724,132999173687396744
API,OK,0,kernel32.dll,"BOOL InitializeCriticalSectionAndSpinCount(LPCRITICAL_SECTION lpCriticalSection,DWORD dwSpinCount)",0x00001298,0x00000724,132999173687396762
API,*,0,kernel32.dll,LPWCH GetEnvironmentStringsW(void),0x00001298,0x00000724,132999173687396781
API,OK,0,kernel32.dll,LPWCH GetEnvironmentStringsW(void),0x00001298,0x00000724,132999173687396834
API,*,0,kernel32.dll,LPSTR GetCommandLineA(void),0x00001298,0x00000724,132999173687396962
API,OK,0,kernel32.dll,LPSTR GetCommandLineA(void),0x00001298,0x00000724,132999173687396992
API,*,0,kernel32.dll,LPWSTR GetCommandLineW(void),0x00001298,0x00000724,132999173687397011
API,OK,0,kernel32.dll,LPWSTR GetCommandLineW(void),0x00001298,0x00000724,132999173687397047
API,*,0,kernel32.dll,"BOOL GetCPInfo(UINT CodePage,LPCPINFO lpCPInfo)",0x00001298,0x00000724,132999173687397416
API,OK,0,kernel32.dll,"BOOL GetCPInfo(UINT CodePage,LPCPINFO lpCPInfo)",0x00001298,0x00000724,132999173687397448
API,*,0,kernel32.dll,"int MultiByteToWideChar(UINT CodePage,DWORD dwFlags,LPCCH lpMultiByteStr,int cbMultiByte,LPWSTR lpWideCharStr,int cchWideChar)",0x00001298,0x00000724,132999173687397474
API,OK,0,kernel32.dll,"int MultiByteToWideChar(UINT CodePage,DWORD dwFlags,LPCCH lpMultiByteStr,int cbMultiByte,LPWSTR lpWideCharStr,int cchWideChar)",0x00001298,0x00000724,132999173687397528
STR,OK,0,lpWideCharStr,NULL,0x00001298,0x00000724,132999173687397557
API,*,0,kernel32.dll,"int MultiByteToWideChar(UINT CodePage,DWORD dwFlags,LPCCH lpMultiByteStr,int cbMultiByte,LPWSTR lpWideCharStr,int cchWideChar)",0x00001298,0x00000724,132999173687397579
API,OK,0,kernel32.dll,"int MultiByteToWideChar(UINT CodePage,DWORD dwFlags,LPCCH lpMultiByteStr,int cbMultiByte,LPWSTR lpWideCharStr,int cchWideChar)",0x00001298,0x00000724,132999173687397601
STR,OK,0,lpWideCharStr,NULL,0x00001298,0x00000724,132999173687397616
API,*,0,kernel32.dll,"BOOL GetStringTypeW(DWORD dwInfoType,LPCWCH lpSrcStr,int cchSrc,LPWORD lpCharType)",0x00001298,0x00000724,132999173687397636
API,OK,0,kernel32.dll,"BOOL GetStringTypeW(DWORD dwInfoType,LPCWCH lpSrcStr,int cchSrc,LPWORD lpCharType)",0x00001298,0x00000724,132999173687397679
API,*,0,kernel32.dll,"int MultiByteToWideChar(UINT CodePage,DWORD dwFlags,LPCCH lpMultiByteStr,int cbMultiByte,LPWSTR lpWideCharStr,int cchWideChar)",0x00001298,0x00000724,132999173687397702
API,OK,0,kernel32.dll,"int MultiByteToWideChar(UINT CodePage,DWORD dwFlags,LPCCH lpMultiByteStr,int cbMultiByte,LPWSTR lpWideCharStr,int cchWideChar)",0x00001298,0x00000724,132999173687397725
STR,OK,0,lpWideCharStr,NULL,0x00001298,0x00000724,132999173687397738
API,*,0,kernel32.dll,"int MultiByteToWideChar(UINT CodePage,DWORD dwFlags,LPCCH lpMultiByteStr,int cbMultiByte,LPWSTR lpWideCharStr,int cchWideChar)",0x00001298,0x00000724,132999173687397758
API,OK,0,kernel32.dll,"int MultiByteToWideChar(UINT CodePage,DWORD dwFlags,LPCCH lpMultiByteStr,int cbMultiByte,LPWSTR lpWideCharStr,int cchWideChar)",0x00001298,0x00000724,132999173687397781
STR,OK,0,lpWideCharStr,NULL,0x00001298,0x00000724,132999173687397794
API,*,0,kernel32.dll,"int LCMapStringW(LCID Locale,DWORD dwMapFlags,LPCWSTR lpSrcStr,int cchSrc,LPWSTR lpDestStr,int cchDest)",0x00001298,0x00000724,132999173687397817
API,OK,0,kernel32.dll,"int LCMapStringW(LCID Locale,DWORD dwMapFlags,LPCWSTR lpSrcStr,int cchSrc,LPWSTR lpDestStr,int cchDest)",0x00001298,0x00000724,132999173687398014
STR,OK,0,lpSrcStr,NULL,0x00001298,0x00000724,132999173687398029
STR,OK,0,lpDestStr,NULL,0x00001298,0x00000724,132999173687398042
API,*,0,kernel32.dll,"int LCMapStringW(LCID Locale,DWORD dwMapFlags,LPCWSTR lpSrcStr,int cchSrc,LPWSTR lpDestStr,int cchDest)",0x00001298,0x00000724,132999173687398067
API,OK,0,kernel32.dll,"int LCMapStringW(LCID Locale,DWORD dwMapFlags,LPCWSTR lpSrcStr,int cchSrc,LPWSTR lpDestStr,int cchDest)",0x00001298,0x00000724,132999173687398109
STR,OK,0,lpSrcStr,NULL,0x00001298,0x00000724,132999173687398123
STR,OK,0,lpDestStr,NULL,0x00001298,0x00000724,132999173687398136
API,*,0,kernel32.dll,"int MultiByteToWideChar(UINT CodePage,DWORD dwFlags,LPCCH lpMultiByteStr,int cbMultiByte,LPWSTR lpWideCharStr,int cchWideChar)",0x00001298,0x00000724,132999173687398184
API,OK,0,kernel32.dll,"int MultiByteToWideChar(UINT CodePage,DWORD dwFlags,LPCCH lpMultiByteStr,int cbMultiByte,LPWSTR lpWideCharStr,int cchWideChar)",0x00001298,0x00000724,132999173687398208
STR,OK,0,lpWideCharStr,NULL,0x00001298,0x00000724,132999173687398222
API,*,0,kernel32.dll,"int MultiByteToWideChar(UINT CodePage,DWORD dwFlags,LPCCH lpMultiByteStr,int cbMultiByte,LPWSTR lpWideCharStr,int cchWideChar)",0x00001298,0x00000724,132999173687398241
API,OK,0,kernel32.dll,"int MultiByteToWideChar(UINT CodePage,DWORD dwFlags,LPCCH lpMultiByteStr,int cbMultiByte,LPWSTR lpWideCharStr,int cchWideChar)",0x00001298,0x00000724,132999173687398264
STR,OK,0,lpWideCharStr,NULL,0x00001298,0x00000724,132999173687398277
API,*,0,kernel32.dll,"int LCMapStringW(LCID Locale,DWORD dwMapFlags,LPCWSTR lpSrcStr,int cchSrc,LPWSTR lpDestStr,int cchDest)",0x00001298,0x00000724,132999173687398295
API,OK,0,kernel32.dll,"int LCMapStringW(LCID Locale,DWORD dwMapFlags,LPCWSTR lpSrcStr,int cchSrc,LPWSTR lpDestStr,int cchDest)",0x00001298,0x00000724,132999173687398316
STR,OK,0,lpSrcStr,NULL,0x00001298,0x00000724,132999173687398329
STR,OK,0,lpDestStr,NULL,0x00001298,0x00000724,132999173687398342
API,*,0,kernel32.dll,"int LCMapStringW(LCID Locale,DWORD dwMapFlags,LPCWSTR lpSrcStr,int cchSrc,LPWSTR lpDestStr,int cchDest)",0x00001298,0x00000724,132999173687398360
API,OK,0,kernel32.dll,"int LCMapStringW(LCID Locale,DWORD dwMapFlags,LPCWSTR lpSrcStr,int cchSrc,LPWSTR lpDestStr,int cchDest)",0x00001298,0x00000724,132999173687398384
STR,OK,0,lpSrcStr,NULL,0x00001298,0x00000724,132999173687398399
STR,OK,0,lpDestStr,NULL,0x00001298,0x00000724,132999173687398412
API,*,0,kernel32.dll,PVOID EncodePointer(PVOID Ptr),0x00001298,0x00000724,132999173687398673
API,OK,0,kernel32.dll,PVOID EncodePointer(PVOID Ptr),0x00001298,0x00000724,132999173687398697
API,*,0,kernel32.dll,void GetSystemTimeAsFileTime(LPFILETIME lpSystemTimeAsFileTime),0x00001298,0x00000724,132999173687398793
API,OK,0,kernel32.dll,void GetSystemTimeAsFileTime(LPFILETIME lpSystemTimeAsFileTime),0x00001298,0x00000724,132999173687398834
API,*,0,kernel32.dll,BOOL IsProcessorFeaturePresent(DWORD ProcessorFeature),0x00001298,0x00000724,132999173687398859
API,OK,0,kernel32.dll,BOOL IsProcessorFeaturePresent(DWORD ProcessorFeature),0x00001298,0x00000724,132999173687398878
API,*,0,kernel32.dll,BOOL IsProcessorFeaturePresent(DWORD ProcessorFeature),0x00001298,0x00000724,132999173687398899
API,OK,0,kernel32.dll,BOOL IsProcessorFeaturePresent(DWORD ProcessorFeature),0x00001298,0x00000724,132999173687398915
API,*,0,kernel32.dll,PVOID EncodePointer(PVOID Ptr),0x00001298,0x00000724,132999173687399005
API,OK,0,kernel32.dll,PVOID EncodePointer(PVOID Ptr),0x00001298,0x00000724,132999173687399020
API,*,0,kernel32.dll,PVOID DecodePointer(PVOID Ptr),0x00001298,0x00000724,132999173687399043
API,OK,0,kernel32.dll,PVOID DecodePointer(PVOID Ptr),0x00001298,0x00000724,132999173687399059
API,*,0,kernel32.dll,PVOID DecodePointer(PVOID Ptr),0x00001298,0x00000724,132999173687399073
API,OK,0,kernel32.dll,PVOID DecodePointer(PVOID Ptr),0x00001298,0x00000724,132999173687399087
API,*,0,kernel32.dll,PVOID EncodePointer(PVOID Ptr),0x00001298,0x00000724,132999173687399103
API,OK,0,kernel32.dll,PVOID EncodePointer(PVOID Ptr),0x00001298,0x00000724,132999173687399117
API,*,0,kernel32.dll,PVOID EncodePointer(PVOID Ptr),0x00001298,0x00000724,132999173687399130
API,OK,0,kernel32.dll,PVOID EncodePointer(PVOID Ptr),0x00001298,0x00000724,132999173687399144
API,*,0,kernel32.dll,void InitializeSListHead(PSLIST_HEADER ListHead),0x00001298,0x00000724,132999173687558765
API,OK,0,kernel32.dll,void InitializeSListHead(PSLIST_HEADER ListHead),0x00001298,0x00000724,132999173687558794
API,*,0,kernel32.dll,"BOOL InitializeCriticalSectionAndSpinCount(LPCRITICAL_SECTION lpCriticalSection,DWORD dwSpinCount)",0x00001298,0x00000724,132999173687558823
API,OK,0,kernel32.dll,"BOOL InitializeCriticalSectionAndSpinCount(LPCRITICAL_SECTION lpCriticalSection,DWORD dwSpinCount)",0x00001298,0x00000724,132999173687558844
API,*,0,kernel32.dll,HMODULE GetModuleHandleW(LPCWSTR lpModuleName),0x00001298,0x00000724,132999173687558863
API,OK,0,kernel32.dll,HMODULE GetModuleHandleW(LPCWSTR lpModuleName),0x00001298,0x00000724,132999173687558892
STR,OK,0,lpModuleName,api-ms-win-core-synch-l1-2-0.dll,0x00001298,0x00000724,132999173687558911
API,*,0,kernel32.dll,"BOOL InitializeCriticalSectionEx(LPCRITICAL_SECTION lpCriticalSection,DWORD dwSpinCount,DWORD Flags)",0x00001298,0x00000724,132999173687559266
API,OK,0,kernel32.dll,"BOOL InitializeCriticalSectionEx(LPCRITICAL_SECTION lpCriticalSection,DWORD dwSpinCount,DWORD Flags)",0x00001298,0x00000724,132999173687559287
API,*,0,kernel32.dll,"BOOL InitializeCriticalSectionEx(LPCRITICAL_SECTION lpCriticalSection,DWORD dwSpinCount,DWORD Flags)",0x00001298,0x00000724,132999173687559306
API,OK,0,kernel32.dll,"BOOL InitializeCriticalSectionEx(LPCRITICAL_SECTION lpCriticalSection,DWORD dwSpinCount,DWORD Flags)",0x00001298,0x00000724,132999173687559324
API,*,0,kernel32.dll,"BOOL InitializeCriticalSectionEx(LPCRITICAL_SECTION lpCriticalSection,DWORD dwSpinCount,DWORD Flags)",0x00001298,0x00000724,132999173687559367
API,OK,0,kernel32.dll,"BOOL InitializeCriticalSectionEx(LPCRITICAL_SECTION lpCriticalSection,DWORD dwSpinCount,DWORD Flags)",0x00001298,0x00000724,132999173687559384
API,*,0,kernel32.dll,HMODULE GetModuleHandleW(LPCWSTR lpModuleName),0x00001298,0x00000724,132999173687560131
API,OK,0,kernel32.dll,HMODULE GetModuleHandleW(LPCWSTR lpModuleName),0x00001298,0x00000724,132999173687560166
STR,OK,0,lpModuleName,C:\WINDOWS\system32\oleaut32.dll,0x00001298,0x00000724,132999173687560184
API,*,0,kernel32.dll,HANDLE GetCurrentProcess(void),0x00001298,0x00000724,132999173687560204
API,FAIL,0000,kernel32.dll,HANDLE GetCurrentProcess(void),0x00001298,0x00000724,132999173687560249
API,*,0,kernel32.dll,"BOOL IsWow64Process(HANDLE hProcess,PBOOL Wow64Process)",0x00001298,0x00000724,132999173687560270
API,OK,0,kernel32.dll,"BOOL IsWow64Process(HANDLE hProcess,PBOOL Wow64Process)",0x00001298,0x00000724,132999173687560290
API,*,0,kernel32.dll,"BOOL InitializeCriticalSectionAndSpinCount(LPCRITICAL_SECTION lpCriticalSection,DWORD dwSpinCount)",0x00001298,0x00000724,132999173687560323
API,OK,0,kernel32.dll,"BOOL InitializeCriticalSectionAndSpinCount(LPCRITICAL_SECTION lpCriticalSection,DWORD dwSpinCount)",0x00001298,0x00000724,132999173687560341
API,*,0,kernel32.dll,"BOOL InitializeCriticalSectionAndSpinCount(LPCRITICAL_SECTION lpCriticalSection,DWORD dwSpinCount)",0x00001298,0x00000724,132999173687560359
API,OK,0,kernel32.dll,"BOOL InitializeCriticalSectionAndSpinCount(LPCRITICAL_SECTION lpCriticalSection,DWORD dwSpinCount)",0x00001298,0x00000724,132999173687560377
API,*,0,kernel32.dll,"BOOL InitializeCriticalSectionAndSpinCount(LPCRITICAL_SECTION lpCriticalSection,DWORD dwSpinCount)",0x00001298,0x00000724,132999173687560395
API,OK,0,kernel32.dll,"BOOL InitializeCriticalSectionAndSpinCount(LPCRITICAL_SECTION lpCriticalSection,DWORD dwSpinCount)",0x00001298,0x00000724,132999173687560413
API,*,0,user32.dll,UINT RegisterClipboardFormatW(LPCWSTR lpszFormat),0x00001298,0x00000724,132999173687560463
API,OK,0,user32.dll,UINT RegisterClipboardFormatW(LPCWSTR lpszFormat),0x00001298,0x00000724,132999173687560515
STR,OK,0,lpszFormat,{FB8F0821-0164-101B-84ED-08002B2EC713},0x00001298,0x00000724,132999173687560533
API,*,0,ole32.dll,LPVOID CoTaskMemAlloc(SIZE_T cb),0x00001298,0x00000724,132999173687560964
API,OK,0,ole32.dll,LPVOID CoTaskMemAlloc(SIZE_T cb),0x00001298,0x00000724,132999173687561012
API,*,0,kernel32.dll,DWORD GetTickCount(void),0x00001298,0x00000724,132999173687561048
API,OK,0,kernel32.dll,DWORD GetTickCount(void),0x00001298,0x00000724,132999173687561062
API,*,0,ole32.dll,LPVOID CoTaskMemAlloc(SIZE_T cb),0x00001298,0x00000724,132999173687561080
API,OK,0,ole32.dll,LPVOID CoTaskMemAlloc(SIZE_T cb),0x00001298,0x00000724,132999173687561095
API,*,0,kernel32.dll,DWORD GetTickCount(void),0x00001298,0x00000724,132999173687561121
API,OK,0,kernel32.dll,DWORD GetTickCount(void),0x00001298,0x00000724,132999173687561135
API,*,0,ole32.dll,LPVOID CoTaskMemAlloc(SIZE_T cb),0x00001298,0x00000724,132999173687561180
API,OK,0,ole32.dll,LPVOID CoTaskMemAlloc(SIZE_T cb),0x00001298,0x00000724,132999173687561197
API,*,0,kernel32.dll,void InitializeSListHead(PSLIST_HEADER ListHead),0x00001298,0x00000724,132999173687561217
API,OK,0,kernel32.dll,void InitializeSListHead(PSLIST_HEADER ListHead),0x00001298,0x00000724,132999173687561233
API,*,0,kernel32.dll,void InitializeSListHead(PSLIST_HEADER ListHead),0x00001298,0x00000724,132999173687561248
API,OK,0,kernel32.dll,void InitializeSListHead(PSLIST_HEADER ListHead),0x00001298,0x00000724,132999173687561264
API,*,0,kernel32.dll,void InitializeSListHead(PSLIST_HEADER ListHead),0x00001298,0x00000724,132999173687561278
API,OK,0,kernel32.dll,void InitializeSListHead(PSLIST_HEADER ListHead),0x00001298,0x00000724,132999173687561293
API,*,0,kernel32.dll,void InitializeSListHead(PSLIST_HEADER ListHead),0x00001298,0x00000724,132999173687561399
API,OK,0,kernel32.dll,void InitializeSListHead(PSLIST_HEADER ListHead),0x00001298,0x00000724,132999173687561414
API,*,0,kernel32.dll,"BOOL InitializeCriticalSectionAndSpinCount(LPCRITICAL_SECTION lpCriticalSection,DWORD dwSpinCount)",0x00001298,0x00000724,132999173687561439
API,OK,0,kernel32.dll,"BOOL InitializeCriticalSectionAndSpinCount(LPCRITICAL_SECTION lpCriticalSection,DWORD dwSpinCount)",0x00001298,0x00000724,132999173687561457
API,*,0,kernel32.dll,HMODULE GetModuleHandleW(LPCWSTR lpModuleName),0x00001298,0x00000724,132999173687561473
API,OK,0,kernel32.dll,HMODULE GetModuleHandleW(LPCWSTR lpModuleName),0x00001298,0x00000724,132999173687561497
STR,OK,0,lpModuleName,api-ms-win-core-synch-l1-2-0.dll,0x00001298,0x00000724,132999173687561513
API,*,0,kernel32.dll,"BOOL InitializeCriticalSectionEx(LPCRITICAL_SECTION lpCriticalSection,DWORD dwSpinCount,DWORD Flags)",0x00001298,0x00000724,132999173687561794
API,OK,0,kernel32.dll,"BOOL InitializeCriticalSectionEx(LPCRITICAL_SECTION lpCriticalSection,DWORD dwSpinCount,DWORD Flags)",0x00001298,0x00000724,132999173687561814
API,*,0,kernel32.dll,"BOOL InitializeCriticalSectionEx(LPCRITICAL_SECTION lpCriticalSection,DWORD dwSpinCount,DWORD Flags)",0x00001298,0x00000724,132999173687561833
API,OK,0,kernel32.dll,"BOOL InitializeCriticalSectionEx(LPCRITICAL_SECTION lpCriticalSection,DWORD dwSpinCount,DWORD Flags)",0x00001298,0x00000724,132999173687561851
API,*,0,kernel32.dll,void InitOnceInitialize(PINIT_ONCE InitOnce),0x00001298,0x00000724,132999173687561887
API,OK,0,kernel32.dll,void InitOnceInitialize(PINIT_ONCE InitOnce),0x00001298,0x00000724,132999173687561903
API,*,0,kernel32.dll,void InitOnceInitialize(PINIT_ONCE InitOnce),0x00001298,0x00000724,132999173687561920
API,OK,0,kernel32.dll,void InitOnceInitialize(PINIT_ONCE InitOnce),0x00001298,0x00000724,132999173687561935
API,*,0,kernel32.dll,void InitOnceInitialize(PINIT_ONCE InitOnce),0x00001298,0x00000724,132999173687561951
API,OK,0,kernel32.dll,void InitOnceInitialize(PINIT_ONCE InitOnce),0x00001298,0x00000724,132999173687561966
API,*,0,kernel32.dll,HMODULE GetModuleHandleW(LPCWSTR lpModuleName),0x00001298,0x00000724,132999173687561983
API,OK,0,kernel32.dll,HMODULE GetModuleHandleW(LPCWSTR lpModuleName),0x00001298,0x00000724,132999173687562024
STR,OK,0,lpModuleName,ext-ms-win-ole32-oleautomation-l1-1-0.dll,0x00001298,0x00000724,132999173687562041
API,*,0,ole32.dll,void SetOleautModule(struct HINSTANCE__* P0),0x00001298,0x00000724,132999173687562362
API,OK,0,ole32.dll,void SetOleautModule(struct HINSTANCE__* P0),0x00001298,0x00000724,132999173687562378
API,*,0,kernel32.dll,"unsigned int GetSystemDirectoryW(wchar_t* P0,unsigned int P1)",0x00001298,0x00000724,132999173687562398
API,OK,0,kernel32.dll,"unsigned int GetSystemDirectoryW(wchar_t* P0,unsigned int P1)",0x00001298,0x00000724,132999173687562435
API,*,0,kernel32.dll,BOOL IsDBCSLeadByte(BYTE TestChar),0x00001298,0x00000724,132999173687562459
API,FAIL,0000,kernel32.dll,BOOL IsDBCSLeadByte(BYTE TestChar),0x00001298,0x00000724,132999173687562496
API,*,0,kernel32.dll,BOOL IsDBCSLeadByte(BYTE TestChar),0x00001298,0x00000724,132999173687562510
API,OK,0,kernel32.dll,BOOL IsDBCSLeadByte(BYTE TestChar),0x00001298,0x00000724,132999173687562525
API,*,0,kernel32.dll,BOOL IsDBCSLeadByte(BYTE TestChar),0x00001298,0x00000724,132999173687562554
API,OK,0,kernel32.dll,BOOL IsDBCSLeadByte(BYTE TestChar),0x00001298,0x00000724,132999173687562568
API,*,0,kernel32.dll,BOOL IsDBCSLeadByte(BYTE TestChar),0x00001298,0x00000724,132999173687562582
API,OK,0,kernel32.dll,BOOL IsDBCSLeadByte(BYTE TestChar),0x00001298,0x00000724,132999173687562596
API,*,0,kernel32.dll,BOOL IsDBCSLeadByte(BYTE TestChar),0x00001298,0x00000724,132999173687562611
API,OK,0,kernel32.dll,BOOL IsDBCSLeadByte(BYTE TestChar),0x00001298,0x00000724,132999173687562625
API,*,0,kernel32.dll,BOOL IsDBCSLeadByte(BYTE TestChar),0x00001298,0x00000724,132999173687562639
API,OK,0,kernel32.dll,BOOL IsDBCSLeadByte(BYTE TestChar),0x00001298,0x00000724,132999173687562653
API,*,0,kernel32.dll,BOOL IsDBCSLeadByte(BYTE TestChar),0x00001298,0x00000724,132999173687562667
API,OK,0,kernel32.dll,BOOL IsDBCSLeadByte(BYTE TestChar),0x00001298,0x00000724,132999173687562681
API,*,0,kernel32.dll,BOOL IsDBCSLeadByte(BYTE TestChar),0x00001298,0x00000724,132999173687562695
API,OK,0,kernel32.dll,BOOL IsDBCSLeadByte(BYTE TestChar),0x00001298,0x00000724,132999173687562709
API,*,0,kernel32.dll,BOOL IsDBCSLeadByte(BYTE TestChar),0x00001298,0x00000724,132999173687562744
API,OK,0,kernel32.dll,BOOL IsDBCSLeadByte(BYTE TestChar),0x00001298,0x00000724,132999173687562758
API,*,0,kernel32.dll,BOOL IsDBCSLeadByte(BYTE TestChar),0x00001298,0x00000724,132999173687562773
API,OK,0,kernel32.dll,BOOL IsDBCSLeadByte(BYTE TestChar),0x00001298,0x00000724,132999173687562787
API,*,0,kernel32.dll,BOOL IsDBCSLeadByte(BYTE TestChar),0x00001298,0x00000724,132999173687562801
API,OK,0,kernel32.dll,BOOL IsDBCSLeadByte(BYTE TestChar),0x00001298,0x00000724,132999173687562815
API,*,0,kernel32.dll,BOOL IsDBCSLeadByte(BYTE TestChar),0x00001298,0x00000724,132999173687562829
API,OK,0,kernel32.dll,BOOL IsDBCSLeadByte(BYTE TestChar),0x00001298,0x00000724,132999173687562844
API,*,0,kernel32.dll,BOOL IsDBCSLeadByte(BYTE TestChar),0x00001298,0x00000724,132999173687562858
API,OK,0,kernel32.dll,BOOL IsDBCSLeadByte(BYTE TestChar),0x00001298,0x00000724,132999173687562872
API,*,0,kernel32.dll,BOOL IsDBCSLeadByte(BYTE TestChar),0x00001298,0x00000724,132999173687562887
API,OK,0,kernel32.dll,BOOL IsDBCSLeadByte(BYTE TestChar),0x00001298,0x00000724,132999173687562901
API,*,0,kernel32.dll,BOOL IsDBCSLeadByte(BYTE TestChar),0x00001298,0x00000724,132999173687562915
API,OK,0,kernel32.dll,BOOL IsDBCSLeadByte(BYTE TestChar),0x00001298,0x00000724,132999173687562929
API,*,0,kernel32.dll,BOOL IsDBCSLeadByte(BYTE TestChar),0x00001298,0x00000724,132999173687562943
API,OK,0,kernel32.dll,BOOL IsDBCSLeadByte(BYTE TestChar),0x00001298,0x00000724,132999173687562958
API,*,0,kernel32.dll,BOOL IsDBCSLeadByte(BYTE TestChar),0x00001298,0x00000724,132999173687562972
API,OK,0,kernel32.dll,BOOL IsDBCSLeadByte(BYTE TestChar),0x00001298,0x00000724,132999173687562986
API,*,0,kernel32.dll,BOOL IsDBCSLeadByte(BYTE TestChar),0x00001298,0x00000724,132999173687563001
API,OK,0,kernel32.dll,BOOL IsDBCSLeadByte(BYTE TestChar),0x00001298,0x00000724,132999173687563015
API,*,0,kernel32.dll,BOOL IsDBCSLeadByte(BYTE TestChar),0x00001298,0x00000724,132999173687563029
API,OK,0,kernel32.dll,BOOL IsDBCSLeadByte(BYTE TestChar),0x00001298,0x00000724,132999173687563043
API,*,0,kernel32.dll,BOOL IsDBCSLeadByte(BYTE TestChar),0x00001298,0x00000724,132999173687563057
API,OK,0,kernel32.dll,BOOL IsDBCSLeadByte(BYTE TestChar),0x00001298,0x00000724,132999173687563072
API,*,0,kernel32.dll,BOOL IsDBCSLeadByte(BYTE TestChar),0x00001298,0x00000724,132999173687563086
API,OK,0,kernel32.dll,BOOL IsDBCSLeadByte(BYTE TestChar),0x00001298,0x00000724,132999173687563101
API,*,0,kernel32.dll,BOOL IsDBCSLeadByte(BYTE TestChar),0x00001298,0x00000724,132999173687563115
API,OK,0,kernel32.dll,BOOL IsDBCSLeadByte(BYTE TestChar),0x00001298,0x00000724,132999173687563129
API,*,0,kernel32.dll,BOOL IsDBCSLeadByte(BYTE TestChar),0x00001298,0x00000724,132999173687563143
API,OK,0,kernel32.dll,BOOL IsDBCSLeadByte(BYTE TestChar),0x00001298,0x00000724,132999173687563157
API,*,0,kernel32.dll,BOOL IsDBCSLeadByte(BYTE TestChar),0x00001298,0x00000724,132999173687563171
API,OK,0,kernel32.dll,BOOL IsDBCSLeadByte(BYTE TestChar),0x00001298,0x00000724,132999173687563190
API,*,0,kernel32.dll,BOOL IsDBCSLeadByte(BYTE TestChar),0x00001298,0x00000724,132999173687563205
API,OK,0,kernel32.dll,BOOL IsDBCSLeadByte(BYTE TestChar),0x00001298,0x00000724,132999173687563220
API,*,0,kernel32.dll,BOOL IsDBCSLeadByte(BYTE TestChar),0x00001298,0x00000724,132999173687563234
API,OK,0,kernel32.dll,BOOL IsDBCSLeadByte(BYTE TestChar),0x00001298,0x00000724,132999173687563248
API,*,0,kernel32.dll,BOOL IsDBCSLeadByte(BYTE TestChar),0x00001298,0x00000724,132999173687563262
API,OK,0,kernel32.dll,BOOL IsDBCSLeadByte(BYTE TestChar),0x00001298,0x00000724,132999173687563276
API,*,0,kernel32.dll,BOOL IsDBCSLeadByte(BYTE TestChar),0x00001298,0x00000724,132999173687563290
API,OK,0,kernel32.dll,BOOL IsDBCSLeadByte(BYTE TestChar),0x00001298,0x00000724,132999173687563305
API,*,0,kernel32.dll,BOOL IsDBCSLeadByte(BYTE TestChar),0x00001298,0x00000724,132999173687563319
API,OK,0,kernel32.dll,BOOL IsDBCSLeadByte(BYTE TestChar),0x00001298,0x00000724,132999173687563333
API,*,0,kernel32.dll,BOOL IsDBCSLeadByte(BYTE TestChar),0x00001298,0x00000724,132999173687563347
API,OK,0,kernel32.dll,BOOL IsDBCSLeadByte(BYTE TestChar),0x00001298,0x00000724,132999173687563361
API,*,0,kernel32.dll,BOOL IsDBCSLeadByte(BYTE TestChar),0x00001298,0x00000724,132999173687563376
API,OK,0,kernel32.dll,BOOL IsDBCSLeadByte(BYTE TestChar),0x00001298,0x00000724,132999173687563390
API,*,0,kernel32.dll,BOOL IsDBCSLeadByte(BYTE TestChar),0x00001298,0x00000724,132999173687563408
API,OK,0,kernel32.dll,BOOL IsDBCSLeadByte(BYTE TestChar),0x00001298,0x00000724,132999173687563423
API,*,0,kernel32.dll,BOOL IsDBCSLeadByte(BYTE TestChar),0x00001298,0x00000724,132999173687563437
API,OK,0,kernel32.dll,BOOL IsDBCSLeadByte(BYTE TestChar),0x00001298,0x00000724,132999173687563451
API,*,0,kernel32.dll,BOOL IsDBCSLeadByte(BYTE TestChar),0x00001298,0x00000724,132999173687563466
API,OK,0,kernel32.dll,BOOL IsDBCSLeadByte(BYTE TestChar),0x00001298,0x00000724,132999173687563480
API,*,0,kernel32.dll,BOOL IsDBCSLeadByte(BYTE TestChar),0x00001298,0x00000724,132999173687563494
API,OK,0,kernel32.dll,BOOL IsDBCSLeadByte(BYTE TestChar),0x00001298,0x00000724,132999173687563508
API,*,0,kernel32.dll,BOOL IsDBCSLeadByte(BYTE TestChar),0x00001298,0x00000724,132999173687563522
API,OK,0,kernel32.dll,BOOL IsDBCSLeadByte(BYTE TestChar),0x00001298,0x00000724,132999173687563537
API,*,0,kernel32.dll,BOOL IsDBCSLeadByte(BYTE TestChar),0x00001298,0x00000724,132999173687563551
API,OK,0,kernel32.dll,BOOL IsDBCSLeadByte(BYTE TestChar),0x00001298,0x00000724,132999173687563565
API,*,0,kernel32.dll,BOOL IsDBCSLeadByte(BYTE TestChar),0x00001298,0x00000724,132999173687563580
API,OK,0,kernel32.dll,BOOL IsDBCSLeadByte(BYTE TestChar),0x00001298,0x00000724,132999173687563594
API,*,0,kernel32.dll,BOOL IsDBCSLeadByte(BYTE TestChar),0x00001298,0x00000724,132999173687563608
API,OK,0,kernel32.dll,BOOL IsDBCSLeadByte(BYTE TestChar),0x00001298,0x00000724,132999173687563622
API,*,0,kernel32.dll,BOOL IsDBCSLeadByte(BYTE TestChar),0x00001298,0x00000724,132999173687563636
API,OK,0,kernel32.dll,BOOL IsDBCSLeadByte(BYTE TestChar),0x00001298,0x00000724,132999173687563651
API,*,0,kernel32.dll,BOOL IsDBCSLeadByte(BYTE TestChar),0x00001298,0x00000724,132999173687563665
API,OK,0,kernel32.dll,BOOL IsDBCSLeadByte(BYTE TestChar),0x00001298,0x00000724,132999173687563679
API,*,0,kernel32.dll,BOOL IsDBCSLeadByte(BYTE TestChar),0x00001298,0x00000724,132999173687563694
API,OK,0,kernel32.dll,BOOL IsDBCSLeadByte(BYTE TestChar),0x00001298,0x00000724,132999173687563708
API,*,0,kernel32.dll,BOOL IsDBCSLeadByte(BYTE TestChar),0x00001298,0x00000724,132999173687563722
API,OK,0,kernel32.dll,BOOL IsDBCSLeadByte(BYTE TestChar),0x00001298,0x00000724,132999173687563736
API,*,0,kernel32.dll,BOOL IsDBCSLeadByte(BYTE TestChar),0x00001298,0x00000724,132999173687563750
API,OK,0,kernel32.dll,BOOL IsDBCSLeadByte(BYTE TestChar),0x00001298,0x00000724,132999173687563765
API,*,0,kernel32.dll,BOOL IsDBCSLeadByte(BYTE TestChar),0x00001298,0x00000724,132999173687563779
API,OK,0,kernel32.dll,BOOL IsDBCSLeadByte(BYTE TestChar),0x00001298,0x00000724,132999173687563793
API,*,0,kernel32.dll,BOOL IsDBCSLeadByte(BYTE TestChar),0x00001298,0x00000724,132999173687563807
API,OK,0,kernel32.dll,BOOL IsDBCSLeadByte(BYTE TestChar),0x00001298,0x00000724,132999173687563821
API,*,0,kernel32.dll,BOOL IsDBCSLeadByte(BYTE TestChar),0x00001298,0x00000724,132999173687563835
API,OK,0,kernel32.dll,BOOL IsDBCSLeadByte(BYTE TestChar),0x00001298,0x00000724,132999173687563849
API,*,0,kernel32.dll,BOOL IsDBCSLeadByte(BYTE TestChar),0x00001298,0x00000724,132999173687563863
API,OK,0,kernel32.dll,BOOL IsDBCSLeadByte(BYTE TestChar),0x00001298,0x00000724,132999173687563878
API,*,0,kernel32.dll,BOOL IsDBCSLeadByte(BYTE TestChar),0x00001298,0x00000724,132999173687563892
API,OK,0,kernel32.dll,BOOL IsDBCSLeadByte(BYTE TestChar),0x00001298,0x00000724,132999173687563907
API,*,0,kernel32.dll,BOOL IsDBCSLeadByte(BYTE TestChar),0x00001298,0x00000724,132999173687563921
API,OK,0,kernel32.dll,BOOL IsDBCSLeadByte(BYTE TestChar),0x00001298,0x00000724,132999173687563935
API,*,0,kernel32.dll,BOOL IsDBCSLeadByte(BYTE TestChar),0x00001298,0x00000724,132999173687563949
API,OK,0,kernel32.dll,BOOL IsDBCSLeadByte(BYTE TestChar),0x00001298,0x00000724,132999173687563963
API,*,0,kernel32.dll,BOOL IsDBCSLeadByte(BYTE TestChar),0x00001298,0x00000724,132999173687563977
API,OK,0,kernel32.dll,BOOL IsDBCSLeadByte(BYTE TestChar),0x00001298,0x00000724,132999173687563992
API,*,0,kernel32.dll,BOOL IsDBCSLeadByte(BYTE TestChar),0x00001298,0x00000724,132999173687564006
API,OK,0,kernel32.dll,BOOL IsDBCSLeadByte(BYTE TestChar),0x00001298,0x00000724,132999173687564021
API,*,0,kernel32.dll,BOOL IsDBCSLeadByte(BYTE TestChar),0x00001298,0x00000724,132999173687564035
API,OK,0,kernel32.dll,BOOL IsDBCSLeadByte(BYTE TestChar),0x00001298,0x00000724,132999173687564049
API,*,0,kernel32.dll,BOOL IsDBCSLeadByte(BYTE TestChar),0x00001298,0x00000724,132999173687564063
API,OK,0,kernel32.dll,BOOL IsDBCSLeadByte(BYTE TestChar),0x00001298,0x00000724,132999173687564077
API,*,0,kernel32.dll,BOOL IsDBCSLeadByte(BYTE TestChar),0x00001298,0x00000724,132999173687564091
API,OK,0,kernel32.dll,BOOL IsDBCSLeadByte(BYTE TestChar),0x00001298,0x00000724,132999173687564106
API,*,0,kernel32.dll,BOOL IsDBCSLeadByte(BYTE TestChar),0x00001298,0x00000724,132999173687564120
API,OK,0,kernel32.dll,BOOL IsDBCSLeadByte(BYTE TestChar),0x00001298,0x00000724,132999173687564135
API,*,0,kernel32.dll,BOOL IsDBCSLeadByte(BYTE TestChar),0x00001298,0x00000724,132999173687564149
API,OK,0,kernel32.dll,BOOL IsDBCSLeadByte(BYTE TestChar),0x00001298,0x00000724,132999173687564163
API,*,0,kernel32.dll,BOOL IsDBCSLeadByte(BYTE TestChar),0x00001298,0x00000724,132999173687564177
API,OK,0,kernel32.dll,BOOL IsDBCSLeadByte(BYTE TestChar),0x00001298,0x00000724,132999173687564191
API,*,0,kernel32.dll,BOOL IsDBCSLeadByte(BYTE TestChar),0x00001298,0x00000724,132999173687564205
API,OK,0,kernel32.dll,BOOL IsDBCSLeadByte(BYTE TestChar),0x00001298,0x00000724,132999173687564220
API,*,0,kernel32.dll,BOOL IsDBCSLeadByte(BYTE TestChar),0x00001298,0x00000724,132999173687564234
API,OK,0,kernel32.dll,BOOL IsDBCSLeadByte(BYTE TestChar),0x00001298,0x00000724,132999173687564249
API,*,0,kernel32.dll,BOOL IsDBCSLeadByte(BYTE TestChar),0x00001298,0x00000724,132999173687564263
API,OK,0,kernel32.dll,BOOL IsDBCSLeadByte(BYTE TestChar),0x00001298,0x00000724,132999173687564277
API,*,0,kernel32.dll,BOOL IsDBCSLeadByte(BYTE TestChar),0x00001298,0x00000724,132999173687564291
API,OK,0,kernel32.dll,BOOL IsDBCSLeadByte(BYTE TestChar),0x00001298,0x00000724,132999173687564305
API,*,0,kernel32.dll,BOOL IsDBCSLeadByte(BYTE TestChar),0x00001298,0x00000724,132999173687564319
API,OK,0,kernel32.dll,BOOL IsDBCSLeadByte(BYTE TestChar),0x00001298,0x00000724,132999173687564334
API,*,0,kernel32.dll,BOOL IsDBCSLeadByte(BYTE TestChar),0x00001298,0x00000724,132999173687564348
API,OK,0,kernel32.dll,BOOL IsDBCSLeadByte(BYTE TestChar),0x00001298,0x00000724,132999173687564362
API,*,0,kernel32.dll,BOOL IsDBCSLeadByte(BYTE TestChar),0x00001298,0x00000724,132999173687564377
API,OK,0,kernel32.dll,BOOL IsDBCSLeadByte(BYTE TestChar),0x00001298,0x00000724,132999173687564391
API,*,0,kernel32.dll,BOOL IsDBCSLeadByte(BYTE TestChar),0x00001298,0x00000724,132999173687564405
API,OK,0,kernel32.dll,BOOL IsDBCSLeadByte(BYTE TestChar),0x00001298,0x00000724,132999173687564419
API,*,0,kernel32.dll,BOOL IsDBCSLeadByte(BYTE TestChar),0x00001298,0x00000724,132999173687564433
API,OK,0,kernel32.dll,BOOL IsDBCSLeadByte(BYTE TestChar),0x00001298,0x00000724,132999173687564448
API,*,0,kernel32.dll,BOOL IsDBCSLeadByte(BYTE TestChar),0x00001298,0x00000724,132999173687564462
API,OK,0,kernel32.dll,BOOL IsDBCSLeadByte(BYTE TestChar),0x00001298,0x00000724,132999173687564476
API,*,0,kernel32.dll,BOOL IsDBCSLeadByte(BYTE TestChar),0x00001298,0x00000724,132999173687564490
API,OK,0,kernel32.dll,BOOL IsDBCSLeadByte(BYTE TestChar),0x00001298,0x00000724,132999173687564514
API,*,0,kernel32.dll,BOOL IsDBCSLeadByte(BYTE TestChar),0x00001298,0x00000724,132999173687564528
API,OK,0,kernel32.dll,BOOL IsDBCSLeadByte(BYTE TestChar),0x00001298,0x00000724,132999173687564542
API,*,0,kernel32.dll,BOOL IsDBCSLeadByte(BYTE TestChar),0x00001298,0x00000724,132999173687564556
API,OK,0,kernel32.dll,BOOL IsDBCSLeadByte(BYTE TestChar),0x00001298,0x00000724,132999173687564570
API,*,0,kernel32.dll,BOOL IsDBCSLeadByte(BYTE TestChar),0x00001298,0x00000724,132999173687564585
API,OK,0,kernel32.dll,BOOL IsDBCSLeadByte(BYTE TestChar),0x00001298,0x00000724,132999173687564599
API,*,0,kernel32.dll,BOOL IsDBCSLeadByte(BYTE TestChar),0x00001298,0x00000724,132999173687564613
API,OK,0,kernel32.dll,BOOL IsDBCSLeadByte(BYTE TestChar),0x00001298,0x00000724,132999173687564627
API,*,0,kernel32.dll,BOOL IsDBCSLeadByte(BYTE TestChar),0x00001298,0x00000724,132999173687564641
API,OK,0,kernel32.dll,BOOL IsDBCSLeadByte(BYTE TestChar),0x00001298,0x00000724,132999173687564656
API,*,0,kernel32.dll,BOOL IsDBCSLeadByte(BYTE TestChar),0x00001298,0x00000724,132999173687564670
API,OK,0,kernel32.dll,BOOL IsDBCSLeadByte(BYTE TestChar),0x00001298,0x00000724,132999173687564684
API,*,0,kernel32.dll,BOOL IsDBCSLeadByte(BYTE TestChar),0x00001298,0x00000724,132999173687564699
API,OK,0,kernel32.dll,BOOL IsDBCSLeadByte(BYTE TestChar),0x00001298,0x00000724,132999173687564713
API,*,0,kernel32.dll,BOOL IsDBCSLeadByte(BYTE TestChar),0x00001298,0x00000724,132999173687564727
API,OK,0,kernel32.dll,BOOL IsDBCSLeadByte(BYTE TestChar),0x00001298,0x00000724,132999173687564741
API,*,0,kernel32.dll,BOOL IsDBCSLeadByte(BYTE TestChar),0x00001298,0x00000724,132999173687564755
API,OK,0,kernel32.dll,BOOL IsDBCSLeadByte(BYTE TestChar),0x00001298,0x00000724,132999173687564769
API,*,0,kernel32.dll,BOOL IsDBCSLeadByte(BYTE TestChar),0x00001298,0x00000724,132999173687564783
API,OK,0,kernel32.dll,BOOL IsDBCSLeadByte(BYTE TestChar),0x00001298,0x00000724,132999173687564798
API,*,0,kernel32.dll,BOOL IsDBCSLeadByte(BYTE TestChar),0x00001298,0x00000724,132999173687564812
API,OK,0,kernel32.dll,BOOL IsDBCSLeadByte(BYTE TestChar),0x00001298,0x00000724,132999173687564827
API,*,0,kernel32.dll,BOOL IsDBCSLeadByte(BYTE TestChar),0x00001298,0x00000724,132999173687564841
API,OK,0,kernel32.dll,BOOL IsDBCSLeadByte(BYTE TestChar),0x00001298,0x00000724,132999173687564855
API,*,0,kernel32.dll,BOOL IsDBCSLeadByte(BYTE TestChar),0x00001298,0x00000724,132999173687564869
API,OK,0,kernel32.dll,BOOL IsDBCSLeadByte(BYTE TestChar),0x00001298,0x00000724,132999173687564883
API,*,0,kernel32.dll,BOOL IsDBCSLeadByte(BYTE TestChar),0x00001298,0x00000724,132999173687564896
API,OK,0,kernel32.dll,BOOL IsDBCSLeadByte(BYTE TestChar),0x00001298,0x00000724,132999173687564911
API,*,0,kernel32.dll,BOOL IsDBCSLeadByte(BYTE TestChar),0x00001298,0x00000724,132999173687564925
API,OK,0,kernel32.dll,BOOL IsDBCSLeadByte(BYTE TestChar),0x00001298,0x00000724,132999173687564939
API,*,0,kernel32.dll,BOOL IsDBCSLeadByte(BYTE TestChar),0x00001298,0x00000724,132999173687564954
API,OK,0,kernel32.dll,BOOL IsDBCSLeadByte(BYTE TestChar),0x00001298,0x00000724,132999173687564968
API,*,0,kernel32.dll,BOOL IsDBCSLeadByte(BYTE TestChar),0x00001298,0x00000724,132999173687564982
API,OK,0,kernel32.dll,BOOL IsDBCSLeadByte(BYTE TestChar),0x00001298,0x00000724,132999173687564996
API,*,0,kernel32.dll,BOOL IsDBCSLeadByte(BYTE TestChar),0x00001298,0x00000724,132999173687565010
API,OK,0,kernel32.dll,BOOL IsDBCSLeadByte(BYTE TestChar),0x00001298,0x00000724,132999173687565025
API,*,0,kernel32.dll,BOOL IsDBCSLeadByte(BYTE TestChar),0x00001298,0x00000724,132999173687565044
API,OK,0,kernel32.dll,BOOL IsDBCSLeadByte(BYTE TestChar),0x00001298,0x00000724,132999173687565058
API,*,0,kernel32.dll,BOOL IsDBCSLeadByte(BYTE TestChar),0x00001298,0x00000724,132999173687565073
API,OK,0,kernel32.dll,BOOL IsDBCSLeadByte(BYTE TestChar),0x00001298,0x00000724,132999173687565087
API,*,0,kernel32.dll,BOOL IsDBCSLeadByte(BYTE TestChar),0x00001298,0x00000724,132999173687565101
API,OK,0,kernel32.dll,BOOL IsDBCSLeadByte(BYTE TestChar),0x00001298,0x00000724,132999173687565115
API,*,0,kernel32.dll,BOOL IsDBCSLeadByte(BYTE TestChar),0x00001298,0x00000724,132999173687565129
API,OK,0,kernel32.dll,BOOL IsDBCSLeadByte(BYTE TestChar),0x00001298,0x00000724,132999173687565144
API,*,0,kernel32.dll,BOOL IsDBCSLeadByte(BYTE TestChar),0x00001298,0x00000724,132999173687565158
API,OK,0,kernel32.dll,BOOL IsDBCSLeadByte(BYTE TestChar),0x00001298,0x00000724,132999173687565173
API,*,0,kernel32.dll,BOOL IsDBCSLeadByte(BYTE TestChar),0x00001298,0x00000724,132999173687565187
API,OK,0,kernel32.dll,BOOL IsDBCSLeadByte(BYTE TestChar),0x00001298,0x00000724,132999173687565201
API,*,0,kernel32.dll,BOOL IsDBCSLeadByte(BYTE TestChar),0x00001298,0x00000724,132999173687565215
API,OK,0,kernel32.dll,BOOL IsDBCSLeadByte(BYTE TestChar),0x00001298,0x00000724,132999173687565229
API,*,0,kernel32.dll,BOOL IsDBCSLeadByte(BYTE TestChar),0x00001298,0x00000724,132999173687565243
API,OK,0,kernel32.dll,BOOL IsDBCSLeadByte(BYTE TestChar),0x00001298,0x00000724,132999173687565258
API,*,0,kernel32.dll,BOOL IsDBCSLeadByte(BYTE TestChar),0x00001298,0x00000724,132999173687565272
API,OK,0,kernel32.dll,BOOL IsDBCSLeadByte(BYTE TestChar),0x00001298,0x00000724,132999173687565287
API,*,0,kernel32.dll,BOOL IsDBCSLeadByte(BYTE TestChar),0x00001298,0x00000724,132999173687565301
API,OK,0,kernel32.dll,BOOL IsDBCSLeadByte(BYTE TestChar),0x00001298,0x00000724,132999173687565315
API,*,0,kernel32.dll,BOOL IsDBCSLeadByte(BYTE TestChar),0x00001298,0x00000724,132999173687565329
API,OK,0,kernel32.dll,BOOL IsDBCSLeadByte(BYTE TestChar),0x00001298,0x00000724,132999173687565343
API,*,0,kernel32.dll,BOOL IsDBCSLeadByte(BYTE TestChar),0x00001298,0x00000724,132999173687565357
API,OK,0,kernel32.dll,BOOL IsDBCSLeadByte(BYTE TestChar),0x00001298,0x00000724,132999173687565372
API,*,0,kernel32.dll,BOOL IsDBCSLeadByte(BYTE TestChar),0x00001298,0x00000724,132999173687565387
API,OK,0,kernel32.dll,BOOL IsDBCSLeadByte(BYTE TestChar),0x00001298,0x00000724,132999173687565401
API,*,0,kernel32.dll,BOOL IsDBCSLeadByte(BYTE TestChar),0x00001298,0x00000724,132999173687565415
API,OK,0,kernel32.dll,BOOL IsDBCSLeadByte(BYTE TestChar),0x00001298,0x00000724,132999173687565429
API,*,0,kernel32.dll,BOOL IsDBCSLeadByte(BYTE TestChar),0x00001298,0x00000724,132999173687565443
API,OK,0,kernel32.dll,BOOL IsDBCSLeadByte(BYTE TestChar),0x00001298,0x00000724,132999173687565458
API,*,0,kernel32.dll,BOOL IsDBCSLeadByte(BYTE TestChar),0x00001298,0x00000724,132999173687565471
API,OK,0,kernel32.dll,BOOL IsDBCSLeadByte(BYTE TestChar),0x00001298,0x00000724,132999173687565486
API,*,0,kernel32.dll,BOOL IsDBCSLeadByte(BYTE TestChar),0x00001298,0x00000724,132999173687565501
API,OK,0,kernel32.dll,BOOL IsDBCSLeadByte(BYTE TestChar),0x00001298,0x00000724,132999173687565515
API,*,0,kernel32.dll,BOOL IsDBCSLeadByte(BYTE TestChar),0x00001298,0x00000724,132999173687565529
API,OK,0,kernel32.dll,BOOL IsDBCSLeadByte(BYTE TestChar),0x00001298,0x00000724,132999173687565543
API,*,0,kernel32.dll,BOOL IsDBCSLeadByte(BYTE TestChar),0x00001298,0x00000724,132999173687565557
API,OK,0,kernel32.dll,BOOL IsDBCSLeadByte(BYTE TestChar),0x00001298,0x00000724,132999173687565571
API,*,0,kernel32.dll,BOOL IsDBCSLeadByte(BYTE TestChar),0x00001298,0x00000724,132999173687565585
API,OK,0,kernel32.dll,BOOL IsDBCSLeadByte(BYTE TestChar),0x00001298,0x00000724,132999173687565600
API,*,0,kernel32.dll,BOOL IsDBCSLeadByte(BYTE TestChar),0x00001298,0x00000724,132999173687565614
API,OK,0,kernel32.dll,BOOL IsDBCSLeadByte(BYTE TestChar),0x00001298,0x00000724,132999173687565629
API,*,0,kernel32.dll,BOOL IsDBCSLeadByte(BYTE TestChar),0x00001298,0x00000724,132999173687565643
API,OK,0,kernel32.dll,BOOL IsDBCSLeadByte(BYTE TestChar),0x00001298,0x00000724,132999173687565657
API,*,0,kernel32.dll,BOOL IsDBCSLeadByte(BYTE TestChar),0x00001298,0x00000724,132999173687565671
API,OK,0,kernel32.dll,BOOL IsDBCSLeadByte(BYTE TestChar),0x00001298,0x00000724,132999173687565685
API,*,0,kernel32.dll,BOOL IsDBCSLeadByte(BYTE TestChar),0x00001298,0x00000724,132999173687565699
API,OK,0,kernel32.dll,BOOL IsDBCSLeadByte(BYTE TestChar),0x00001298,0x00000724,132999173687565714
API,*,0,kernel32.dll,BOOL IsDBCSLeadByte(BYTE TestChar),0x00001298,0x00000724,132999173687565728
API,OK,0,kernel32.dll,BOOL IsDBCSLeadByte(BYTE TestChar),0x00001298,0x00000724,132999173687565743
API,*,0,kernel32.dll,BOOL IsDBCSLeadByte(BYTE TestChar),0x00001298,0x00000724,132999173687565757
API,OK,0,kernel32.dll,BOOL IsDBCSLeadByte(BYTE TestChar),0x00001298,0x00000724,132999173687565772
API,*,0,kernel32.dll,BOOL IsDBCSLeadByte(BYTE TestChar),0x00001298,0x00000724,132999173687565786
API,OK,0,kernel32.dll,BOOL IsDBCSLeadByte(BYTE TestChar),0x00001298,0x00000724,132999173687565800
API,*,0,kernel32.dll,BOOL IsDBCSLeadByte(BYTE TestChar),0x00001298,0x00000724,132999173687565814
API,OK,0,kernel32.dll,BOOL IsDBCSLeadByte(BYTE TestChar),0x00001298,0x00000724,132999173687565829
API,*,0,kernel32.dll,BOOL IsDBCSLeadByte(BYTE TestChar),0x00001298,0x00000724,132999173687565843
API,OK,0,kernel32.dll,BOOL IsDBCSLeadByte(BYTE TestChar),0x00001298,0x00000724,132999173687565857
API,*,0,kernel32.dll,BOOL IsDBCSLeadByte(BYTE TestChar),0x00001298,0x00000724,132999173687565871
API,OK,0,kernel32.dll,BOOL IsDBCSLeadByte(BYTE TestChar),0x00001298,0x00000724,132999173687565886
API,*,0,kernel32.dll,BOOL IsDBCSLeadByte(BYTE TestChar),0x00001298,0x00000724,132999173687565900
API,OK,0,kernel32.dll,BOOL IsDBCSLeadByte(BYTE TestChar),0x00001298,0x00000724,132999173687565914
API,*,0,kernel32.dll,BOOL IsDBCSLeadByte(BYTE TestChar),0x00001298,0x00000724,132999173687565928
API,OK,0,kernel32.dll,BOOL IsDBCSLeadByte(BYTE TestChar),0x00001298,0x00000724,132999173687565943
API,*,0,kernel32.dll,BOOL IsDBCSLeadByte(BYTE TestChar),0x00001298,0x00000724,132999173687565983
API,OK,0,kernel32.dll,BOOL IsDBCSLeadByte(BYTE TestChar),0x00001298,0x00000724,132999173687566000
API,*,0,kernel32.dll,BOOL IsDBCSLeadByte(BYTE TestChar),0x00001298,0x00000724,132999173687566014
API,OK,0,kernel32.dll,BOOL IsDBCSLeadByte(BYTE TestChar),0x00001298,0x00000724,132999173687566028
API,*,0,kernel32.dll,BOOL IsDBCSLeadByte(BYTE TestChar),0x00001298,0x00000724,132999173687566042
API,OK,0,kernel32.dll,BOOL IsDBCSLeadByte(BYTE TestChar),0x00001298,0x00000724,132999173687566056
API,*,0,kernel32.dll,BOOL IsDBCSLeadByte(BYTE TestChar),0x00001298,0x00000724,132999173687566071
API,OK,0,kernel32.dll,BOOL IsDBCSLeadByte(BYTE TestChar),0x00001298,0x00000724,132999173687566085
API,*,0,kernel32.dll,BOOL IsDBCSLeadByte(BYTE TestChar),0x00001298,0x00000724,132999173687566100
API,OK,0,kernel32.dll,BOOL IsDBCSLeadByte(BYTE TestChar),0x00001298,0x00000724,132999173687566114
API,*,0,kernel32.dll,BOOL IsDBCSLeadByte(BYTE TestChar),0x00001298,0x00000724,132999173687566128
API,OK,0,kernel32.dll,BOOL IsDBCSLeadByte(BYTE TestChar),0x00001298,0x00000724,132999173687566142
API,*,0,kernel32.dll,BOOL IsDBCSLeadByte(BYTE TestChar),0x00001298,0x00000724,132999173687566156
API,OK,0,kernel32.dll,BOOL IsDBCSLeadByte(BYTE TestChar),0x00001298,0x00000724,132999173687566170
API,*,0,kernel32.dll,BOOL IsDBCSLeadByte(BYTE TestChar),0x00001298,0x00000724,132999173687566184
API,FAIL,0000,kernel32.dll,BOOL IsDBCSLeadByte(BYTE TestChar),0x00001298,0x00000724,132999173687566201
API,*,0,kernel32.dll,DWORD TlsAlloc(void),0x00001298,0x00000724,132999173687566234
API,OK,0,kernel32.dll,DWORD TlsAlloc(void),0x00001298,0x00000724,132999173687566251
API,*,0,kernel32.dll,"BOOL InitializeCriticalSectionAndSpinCount(LPCRITICAL_SECTION lpCriticalSection,DWORD dwSpinCount)",0x00001298,0x00000724,132999173687566269
API,OK,0,kernel32.dll,"BOOL InitializeCriticalSectionAndSpinCount(LPCRITICAL_SECTION lpCriticalSection,DWORD dwSpinCount)",0x00001298,0x00000724,132999173687566288
API,*,0,kernel32.dll,"BOOL InitializeCriticalSectionAndSpinCount(LPCRITICAL_SECTION lpCriticalSection,DWORD dwSpinCount)",0x00001298,0x00000724,132999173687566306
API,OK,0,kernel32.dll,"BOOL InitializeCriticalSectionAndSpinCount(LPCRITICAL_SECTION lpCriticalSection,DWORD dwSpinCount)",0x00001298,0x00000724,132999173687566324
API,*,0,kernel32.dll,"BOOL InitializeCriticalSectionAndSpinCount(LPCRITICAL_SECTION lpCriticalSection,DWORD dwSpinCount)",0x00001298,0x00000724,132999173687566342
API,OK,0,kernel32.dll,"BOOL InitializeCriticalSectionAndSpinCount(LPCRITICAL_SECTION lpCriticalSection,DWORD dwSpinCount)",0x00001298,0x00000724,132999173687566360
API,*,0,kernel32.dll,"DWORD GetEnvironmentVariableA(LPCSTR lpName,LPSTR lpBuffer,DWORD nSize)",0x00001298,0x00000724,132999173687566385
API,OK,0,kernel32.dll,"DWORD GetEnvironmentVariableA(LPCSTR lpName,LPSTR lpBuffer,DWORD nSize)",0x00001298,0x00000724,132999173687566478
API,*,0,kernel32.dll,"DWORD GetEnvironmentVariableA(LPCSTR lpName,LPSTR lpBuffer,DWORD nSize)",0x00001298,0x00000724,132999173687566495
API,OK,0,kernel32.dll,"DWORD GetEnvironmentVariableA(LPCSTR lpName,LPSTR lpBuffer,DWORD nSize)",0x00001298,0x00000724,132999173687566520
API,*,0,kernel32.dll,HANDLE GetCurrentProcess(void),0x00001298,0x00000724,132999173687566535
API,FAIL,00CB,kernel32.dll,HANDLE GetCurrentProcess(void),0x00001298,0x00000724,132999173687566551
API,*,0,kernel32.dll,"BOOL IsWow64Process(HANDLE hProcess,PBOOL Wow64Process)",0x00001298,0x00000724,132999173687566567
API,OK,0,kernel32.dll,"BOOL IsWow64Process(HANDLE hProcess,PBOOL Wow64Process)",0x00001298,0x00000724,132999173687566583
API,*,0,kernel32.dll,"DWORD GetEnvironmentVariableA(LPCSTR lpName,LPSTR lpBuffer,DWORD nSize)",0x00001298,0x00000724,132999173687566600
API,OK,0,kernel32.dll,"DWORD GetEnvironmentVariableA(LPCSTR lpName,LPSTR lpBuffer,DWORD nSize)",0x00001298,0x00000724,132999173687566623
API,*,0,kernel32.dll,"BOOL InitializeCriticalSectionAndSpinCount(LPCRITICAL_SECTION lpCriticalSection,DWORD dwSpinCount)",0x00001298,0x00000724,132999173687566642
API,OK,0,kernel32.dll,"BOOL InitializeCriticalSectionAndSpinCount(LPCRITICAL_SECTION lpCriticalSection,DWORD dwSpinCount)",0x00001298,0x00000724,132999173687566660
API,*,0,kernel32.dll,"BOOL InitializeCriticalSectionAndSpinCount(LPCRITICAL_SECTION lpCriticalSection,DWORD dwSpinCount)",0x00001298,0x00000724,132999173687566678
API,OK,0,kernel32.dll,"BOOL InitializeCriticalSectionAndSpinCount(LPCRITICAL_SECTION lpCriticalSection,DWORD dwSpinCount)",0x00001298,0x00000724,132999173687566697
API,*,0,kernel32.dll,"BOOL InitializeCriticalSectionAndSpinCount(LPCRITICAL_SECTION lpCriticalSection,DWORD dwSpinCount)",0x00001298,0x00000724,132999173687566715
API,OK,0,kernel32.dll,"BOOL InitializeCriticalSectionAndSpinCount(LPCRITICAL_SECTION lpCriticalSection,DWORD dwSpinCount)",0x00001298,0x00000724,132999173687566733
API,*,0,advapi32.dll,"LSTATUS RegOpenKeyExA(HKEY hKey,LPCSTR lpSubKey,DWORD ulOptions,REGSAM samDesired,PHKEY phkResult)",0x00001298,0x00000724,132999173687566760
API,OK,0,advapi32.dll,"LSTATUS RegOpenKeyExA(HKEY hKey,LPCSTR lpSubKey,DWORD ulOptions,REGSAM samDesired,PHKEY phkResult)",0x00001298,0x00000724,132999173687566878
API,*,0,kernel32.dll,void InitializeSListHead(PSLIST_HEADER ListHead),0x00001298,0x00000724,132999173688301767
API,OK,0,kernel32.dll,void InitializeSListHead(PSLIST_HEADER ListHead),0x00001298,0x00000724,132999173688301790
API,*,0,kernel32.dll,"BOOL InitializeCriticalSectionAndSpinCount(LPCRITICAL_SECTION lpCriticalSection,DWORD dwSpinCount)",0x00001298,0x00000724,132999173688301891
API,OK,0,kernel32.dll,"BOOL InitializeCriticalSectionAndSpinCount(LPCRITICAL_SECTION lpCriticalSection,DWORD dwSpinCount)",0x00001298,0x00000724,132999173688301916
API,*,0,kernel32.dll,HMODULE GetModuleHandleW(LPCWSTR lpModuleName),0x00001298,0x00000724,132999173688301937
API,OK,0,kernel32.dll,HMODULE GetModuleHandleW(LPCWSTR lpModuleName),0x00001298,0x00000724,132999173688301976
STR,OK,0,lpModuleName,api-ms-win-core-synch-l1-2-0.dll,0x00001298,0x00000724,132999173688301997
API,*,0,kernel32.dll,void InitializeConditionVariable(PCONDITION_VARIABLE ConditionVariable),0x00001298,0x00000724,132999173688302267
API,OK,0,kernel32.dll,void InitializeConditionVariable(PCONDITION_VARIABLE ConditionVariable),0x00001298,0x00000724,132999173688302284
API,*,0,kernel32.dll,HANDLE GetCurrentThread(void),0x00001298,0x00000724,132999173688308905
API,OK,0,kernel32.dll,HANDLE GetCurrentThread(void),0x00001298,0x00000724,132999173688308926
API,*,0,kernel32.dll,"DWORD QueueUserAPC(PAPCFUNC pfnAPC,HANDLE hThread,ULONG_PTR dwData)",0x00001298,0x00000724,132999173688308948
API,OK,0,kernel32.dll,"DWORD QueueUserAPC(PAPCFUNC pfnAPC,HANDLE hThread,ULONG_PTR dwData)",0x00001298,0x00000724,132999173688308989
API,*,0,kernel32.dll,DWORD FlsAlloc(PFLS_CALLBACK_FUNCTION lpCallback),0x00001298,0x00000724,132999173688319580
API,OK,0,kernel32.dll,DWORD FlsAlloc(PFLS_CALLBACK_FUNCTION lpCallback),0x00001298,0x00000724,132999173688319603
API,*,0,kernel32.dll,void InitializeSListHead(PSLIST_HEADER ListHead),0x00001298,0x00000724,132999173688322324
API,OK,0,kernel32.dll,void InitializeSListHead(PSLIST_HEADER ListHead),0x00001298,0x00000724,132999173688322342
API,*,0,kernel32.dll,LPTOP_LEVEL_EXCEPTION_FILTER SetUnhandledExceptionFilter(LPTOP_LEVEL_EXCEPTION_FILTER lpTopLevelExceptionFilter),0x00001298,0x00000724,132999173688322377
API,OK,0,kernel32.dll,LPTOP_LEVEL_EXCEPTION_FILTER SetUnhandledExceptionFilter(LPTOP_LEVEL_EXCEPTION_FILTER lpTopLevelExceptionFilter),0x00001298,0x00000724,132999173688322520
API,*,0,kernel32.dll,PVOID EncodeSystemPointer(PVOID Ptr),0x00001298,0x00000724,132999173688387814
API,OK,0,kernel32.dll,PVOID EncodeSystemPointer(PVOID Ptr),0x00001298,0x00000724,132999173688387840
API,*,0,kernel32.dll,PVOID EncodeSystemPointer(PVOID Ptr),0x00001298,0x00000724,132999173688387855
API,OK,0,kernel32.dll,PVOID EncodeSystemPointer(PVOID Ptr),0x00001298,0x00000724,132999173688387869
API,*,0,kernel32.dll,PVOID EncodeSystemPointer(PVOID Ptr),0x00001298,0x00000724,132999173688387884
API,OK,0,kernel32.dll,PVOID EncodeSystemPointer(PVOID Ptr),0x00001298,0x00000724,132999173688387898
API,*,0,kernel32.dll,PVOID EncodeSystemPointer(PVOID Ptr),0x00001298,0x00000724,132999173688387913
API,OK,0,kernel32.dll,PVOID EncodeSystemPointer(PVOID Ptr),0x00001298,0x00000724,132999173688387927
API,*,0,kernel32.dll,PVOID EncodeSystemPointer(PVOID Ptr),0x00001298,0x00000724,132999173688387941
API,OK,0,kernel32.dll,PVOID EncodeSystemPointer(PVOID Ptr),0x00001298,0x00000724,132999173688387956
API,*,0,kernel32.dll,PVOID EncodeSystemPointer(PVOID Ptr),0x00001298,0x00000724,132999173688387970
API,OK,0,kernel32.dll,PVOID EncodeSystemPointer(PVOID Ptr),0x00001298,0x00000724,132999173688387984
API,*,0,kernel32.dll,PVOID EncodeSystemPointer(PVOID Ptr),0x00001298,0x00000724,132999173688387999
API,OK,0,kernel32.dll,PVOID EncodeSystemPointer(PVOID Ptr),0x00001298,0x00000724,132999173688388013
API,*,0,kernel32.dll,PVOID DecodeSystemPointer(PVOID Ptr),0x00001298,0x00000724,132999173688388033
API,OK,0,kernel32.dll,PVOID DecodeSystemPointer(PVOID Ptr),0x00001298,0x00000724,132999173688388049
API,*,0,kernel32.dll,PVOID DecodeSystemPointer(PVOID Ptr),0x00001298,0x00000724,132999173688388063
API,OK,0,kernel32.dll,PVOID DecodeSystemPointer(PVOID Ptr),0x00001298,0x00000724,132999173688388078
API,*,0,kernel32.dll,PVOID DecodeSystemPointer(PVOID Ptr),0x00001298,0x00000724,132999173688388092
API,OK,0,kernel32.dll,PVOID DecodeSystemPointer(PVOID Ptr),0x00001298,0x00000724,132999173688388106
API,*,0,kernel32.dll,PVOID DecodeSystemPointer(PVOID Ptr),0x00001298,0x00000724,132999173688388121
API,OK,0,kernel32.dll,PVOID DecodeSystemPointer(PVOID Ptr),0x00001298,0x00000724,132999173688388135
API,*,0,kernel32.dll,PVOID DecodeSystemPointer(PVOID Ptr),0x00001298,0x00000724,132999173688388222
API,OK,0,kernel32.dll,PVOID DecodeSystemPointer(PVOID Ptr),0x00001298,0x00000724,132999173688388236
API,*,0,kernel32.dll,HMODULE GetModuleHandleW(LPCWSTR lpModuleName),0x00001298,0x00000724,132999173725590748
API,OK,0,kernel32.dll,HMODULE GetModuleHandleW(LPCWSTR lpModuleName),0x00001298,0x00000724,132999173725590779
STR,OK,0,lpModuleName,NULL,0x00001298,0x00000724,132999173725590801
API,*,0,kernel32.dll,LPVOID TlsGetValue(DWORD dwTlsIndex),0x00001298,0x00000724,132999173725734172
API,FAIL,0000,kernel32.dll,LPVOID TlsGetValue(DWORD dwTlsIndex),0x00001298,0x00000724,132999173725734202
API,*,0,kernel32.dll,BOOL TlsFree(DWORD dwTlsIndex),0x00001298,0x00000724,132999173725734230
API,OK,0,kernel32.dll,BOOL TlsFree(DWORD dwTlsIndex),0x00001298,0x00000724,132999173725734288
API,*,0,kernel32.dll,HMODULE GetModuleHandleW(LPCWSTR lpModuleName),0x00001298,0x00000724,132999173725734331
API,OK,0,kernel32.dll,HMODULE GetModuleHandleW(LPCWSTR lpModuleName),0x00001298,0x00000724,132999173725734361
STR,OK,0,lpModuleName,ntdll.dll,0x00001298,0x00000724,132999173725734379
API,*,0,kernel32.dll,HMODULE GetModuleHandleW(LPCWSTR lpModuleName),0x00001298,0x00000724,132999173725735461
API,OK,0,kernel32.dll,HMODULE GetModuleHandleW(LPCWSTR lpModuleName),0x00001298,0x00000724,132999173725735483
STR,OK,0,lpModuleName,ntdll.dll,0x00001298,0x00000724,132999173725735499
API,*,0,kernel32.dll,PVOID DecodePointer(PVOID Ptr),0x00001298,0x00000724,132999173725737435
API,OK,0,kernel32.dll,PVOID DecodePointer(PVOID Ptr),0x00001298,0x00000724,132999173725737455
API,*,0,kernel32.dll,PVOID DecodePointer(PVOID Ptr),0x00001298,0x00000724,132999173725737470
API,OK,0,kernel32.dll,PVOID DecodePointer(PVOID Ptr),0x00001298,0x00000724,132999173725737484
API,*,0,kernel32.dll,PVOID EncodePointer(PVOID Ptr),0x00001298,0x00000724,132999173725737502
API,OK,0,kernel32.dll,PVOID EncodePointer(PVOID Ptr),0x00001298,0x00000724,132999173725737518
API,*,0,kernel32.dll,PVOID DecodePointer(PVOID Ptr),0x00001298,0x00000724,132999173725737534
API,OK,0,kernel32.dll,PVOID DecodePointer(PVOID Ptr),0x00001298,0x00000724,132999173725737549
API,*,0,kernel32.dll,PVOID EncodePointer(PVOID Ptr),0x00001298,0x00000724,132999173725737564
API,OK,0,kernel32.dll,PVOID EncodePointer(PVOID Ptr),0x00001298,0x00000724,132999173725737578
API,*,0,kernel32.dll,PVOID DecodePointer(PVOID Ptr),0x00001298,0x00000724,132999173725737620
API,OK,0,kernel32.dll,PVOID DecodePointer(PVOID Ptr),0x00001298,0x00000724,132999173725737634
API,*,0,kernel32.dll,PVOID DecodePointer(PVOID Ptr),0x00001298,0x00000724,132999173725737656
API,OK,0,kernel32.dll,PVOID DecodePointer(PVOID Ptr),0x00001298,0x00000724,132999173725737671
API,*,0,kernel32.dll,PVOID DecodePointer(PVOID Ptr),0x00001298,0x00000724,132999173725737686
API,OK,0,kernel32.dll,PVOID DecodePointer(PVOID Ptr),0x00001298,0x00000724,132999173725737701
